"Tabela 2030 - Pessoas de 10 anos ou mais de idade, por classes de rendimento nominal mensal - Resultados Gerais da Amostra"
"Variável - Pessoas de 10 anos ou mais de idade (Pessoas)"
"Área de Ponderação","Ano x Classes de rendimento nominal mensal"
"Área de Ponderação","2010"
"Área de Ponderação","Total","Até 1 salário mínimo","Mais de 1 a 2 salários mínimos","Mais de 2 a 3 salários mínimos","Mais de 3 a 5 salários mínimos","Mais de 5 a 10 salários mínimos","Mais de 10 a 20 salários mínimos","Mais de 20 salários mínimos","Sem rendimento"
"B1 - Belo Horizonte (MG)","39224","8812","11926","3765","2433","1092","219","71","10907"
"B2 - Belo Horizonte (MG)","37871","5596","8558","4304","4326","2861","776","281","11171"
"B3 - Belo Horizonte (MG)","45167","9179","12492","4520","3669","1480","339","126","13362"
"B4-A - Belo Horizonte (MG)","25408","5542","7139","2608","1190","557","82","49","8240"
"B4-B - Belo Horizonte (MG)","33663","6797","9385","3237","2965","1704","243","52","9279"
"B5-A - Belo Horizonte (MG)","24779","6391","6469","1965","1102","227","19","-","8606"
"B5-B - Belo Horizonte (MG)","37701","9329","10523","2885","1857","549","101","19","12438"
"Cs1 – A - Belo Horizonte (MG)","29504","2763","4745","2896","3783","4646","3074","997","6600"
"Cs1 – B - Belo Horizonte (MG)","26936","1458","2482","1351","2711","4291","3535","4877","6231"
"Cs1 – C - Belo Horizonte (MG)","23707","1421","1595","1252","2752","3824","3929","3766","5167"
"Cs2 – A - Belo Horizonte (MG)","25386","2219","3207","1963","3136","4244","3239","2213","5166"
"Cs2 – B - Belo Horizonte (MG)","31922","2270","2660","1650","2829","5397","4904","4197","8014"
"Cs2 – C - Belo Horizonte (MG)","21781","1285","1889","1445","2206","3868","3290","3162","4636"
"Cs3 - Belo Horizonte (MG)","32034","11453","8556","1398","977","200","135","24","9292"
"Cs4 – A - Belo Horizonte (MG)","39117","5523","5428","2423","3109","5608","3917","2791","10317"
"Cs4 – B - Belo Horizonte (MG)","28671","2778","3129","2009","2619","4622","3398","3491","6625"
"L1 - Belo Horizonte (MG)","54335","12334","12455","4817","4450","3654","1070","219","15335"
"L2-A - Belo Horizonte (MG)","37055","5194","7435","3918","4727","4558","2042","984","8197"
"L2-B - Belo Horizonte (MG)","34197","4840","5264","3416","4456","5307","2944","1270","6701"
"L3-A - Belo Horizonte (MG)","25923","3739","5949","3478","2726","2460","703","294","6573"
"L3-B - Belo Horizonte (MG)","24937","4723","5252","2873","2350","2201","631","212","6695"
"L4 - Belo Horizonte (MG)","36633","12398","9395","1897","1148","611","-","25","11158"
"N1 - Belo Horizonte (MG)","29760","7511","7699","2834","1908","634","182","-","8992"
"N2-A - Belo Horizonte (MG)","30681","9267","8599","1514","835","391","51","-","10023"
"N2-B - Belo Horizonte (MG)","25494","6699","6929","2520","1341","674","183","13","7135"
"N3-A - Belo Horizonte (MG)","42109","10675","10331","3700","2849","2140","539","238","11636"
"N3-B - Belo Horizonte (MG)","23777","3795","5176","2477","3005","2194","939","286","5907"
"N4 - Belo Horizonte (MG)","31589","8489","8358","2665","1786","1113","298","87","8794"
"Ne1-A - Belo Horizonte (MG)","24645","5685","6013","2390","1665","820","259","-","7813"
"Ne1-B - Belo Horizonte (MG)","42661","11699","11347","3387","2261","1056","177","93","12641"
"Ne2 - Belo Horizonte (MG)","34121","9522","8967","2443","1866","658","240","43","10381"
"Ne3 - Belo Horizonte (MG)","38289","8285","9676","3167","2750","2420","790","258","10941"
"Ne4-A - Belo Horizonte (MG)","24607","5618","5532","2572","1773","1988","564","142","6417"
"Ne4-B - Belo Horizonte (MG)","32558","5990","8197","3660","3431","2701","963","175","7441"
"Ne5-A - Belo Horizonte (MG)","28348","3350","4468","2625","3375","4141","2117","1132","7140"
"Ne5-B - Belo Horizonte (MG)","29934","2778","4560","2753","4030","4940","2455","1105","7312"
"No1-A - Belo Horizonte (MG)","28938","6533","7746","2431","2144","1646","513","206","7721"
"No1-B - Belo Horizonte (MG)","24703","6497","6320","2165","1888","1308","551","89","5886"
"No2 - Belo Horizonte (MG)","38244","6278","7803","4207","5136","4479","1867","573","7901"
"No3-A - Belo Horizonte (MG)","28665","6810","7199","2690","2252","1285","341","141","7947"
"No3-B - Belo Horizonte (MG)","23166","6131","6611","2009","1587","754","275","18","5781"
"No3-C - Belo Horizonte (MG)","25259","5947","6999","2285","1858","1127","281","44","6719"
"No4-A - Belo Horizonte (MG)","42493","5589","7568","4562","5604","5658","2502","905","10107"
"No4-B - Belo Horizonte (MG)","29148","4990","5093","2486","3365","3675","1804","716","7019"
"O1-A - Belo Horizonte (MG)","27109","3442","4951","2835","3461","3609","1442","558","6809"
"O1-B - Belo Horizonte (MG)","28593","3189","3799","2721","4310","5234","2753","1121","5465"
"O1-C - Belo Horizonte (MG)","27357","1826","3259","1739","3282","5266","3516","1819","6650"
"O1-D - Belo Horizonte (MG)","27500","6819","6887","2030","1918","1361","485","266","7734"
"O2-A - Belo Horizonte (MG)","26362","4739","6272","3121","2620","1860","484","83","7182"
"O2-B - Belo Horizonte (MG)","23675","5580","6143","2235","1766","1336","237","168","6210"
"O2-C - Belo Horizonte (MG)","29635","9315","7695","2229","1167","304","14","27","8884"
"O4-A - Belo Horizonte (MG)","24766","5319","6288","2582","2084","1663","416","177","6238"
"O4-B - Belo Horizonte (MG)","27008","5346","6699","2512","2486","1583","465","238","7679"
"O5 - Belo Horizonte (MG)","30024","1626","3208","1573","3748","6125","4307","2883","6553"
"P1 - Belo Horizonte (MG)","42518","5449","7868","3952","4568","5325","2327","1000","12027"
"P2-A - Belo Horizonte (MG)","21506","1549","2892","2189","2934","4112","1925","806","5098"
"P2-B - Belo Horizonte (MG)","27806","3653","4753","1999","3145","3718","2369","1051","7117"
"P3 - Belo Horizonte (MG)","36865","5419","6491","3810","4089","5296","2046","774","8940"
"P4-A - Belo Horizonte (MG)","27045","6971","7372","2153","1948","1103","347","250","6902"
"P4-B - Belo Horizonte (MG)","44120","8686","10828","3805","4749","3311","1366","321","11053"
"Vn1 - Belo Horizonte (MG)","40951","10252","10706","3835","2344","1542","316","61","11895"
"Vn2 - Belo Horizonte (MG)","43283","10366","13195","3491","2617","804","147","54","12609"
"Vn3-A - Belo Horizonte (MG)","39186","6314","9810","4652","3616","2817","508","406","11063"
"Vn3-B - Belo Horizonte (MG)","24508","4816","6231","2572","2366","1309","302","128","6783"
"Vn4-A - Belo Horizonte (MG)","25666","6859","6649","2052","1501","705","85","33","7781"
"Vn4-B - Belo Horizonte (MG)","27533","6811","7496","2404","1460","1150","453","83","7675"
"Vn4-C - Belo Horizonte (MG)","28521","7097","7985","2490","1614","1054","172","27","8081"
"Caju, Gamboa, Santo Cristo e Saúde - Rio de Janeiro (RJ)","41732","9474","10643","3277","2025","655","52","55","15550"
"Laranjeiras e Cosme Velho - Rio de Janeiro (RJ)","29753","2342","3666","2237","3403","4926","4859","2248","6073"
"Laranjeiras - Rio de Janeiro (RJ)","18666","758","1686","1257","2267","3971","3460","2006","3260"
"Senador Vasconcelos - Rio de Janeiro (RJ)","26585","5811","5941","2412","2127","1139","182","-","8972"
"Inhoaíba 1 - Rio de Janeiro (RJ)","27952","6557","6411","2136","1581","872","110","-","10285"
"Inhoaíba 2 - Rio de Janeiro (RJ)","26848","6456","6173","2302","1236","544","143","14","9980"
"Cosmos 1 - Rio de Janeiro (RJ)","30714","7873","7365","2060","1417","881","87","23","11008"
"Cosmos 2 - Rio de Janeiro (RJ)","34992","8422","7865","3285","2058","1057","117","-","12188"
"Paciência 1 - Rio de Janeiro (RJ)","23959","4779","5961","1984","1117","571","68","-","9481"
"Paciência 2 - Rio de Janeiro (RJ)","32766","7526","7118","2494","2201","1150","222","26","12029"
"Paciência 3 - Rio de Janeiro (RJ)","23455","5326","5733","1421","1369","391","60","21","9133"
"Santa Cruz 1 - Rio de Janeiro (RJ)","25209","6068","5774","2043","868","402","16","-","10038"
"Santa Cruz 2 - Rio de Janeiro (RJ)","25564","5376","6098","2132","1763","707","185","25","9279"
"Santa Cruz 3 - Rio de Janeiro (RJ)","30180","7508","6795","1830","1299","668","154","17","11910"
"Santa Cruz 4 - Rio de Janeiro (RJ)","26189","6563","5776","1760","957","487","-","-","10646"
"Santa Cruz 5 - Rio de Janeiro (RJ)","27782","6133","5228","2333","1696","754","142","106","11390"
"Santa Cruz 6 - Rio de Janeiro (RJ)","25108","5519","5828","1990","1208","753","132","-","9677"
"Santa Cruz 7 - Rio de Janeiro (RJ)","22519","3996","4869","1544","1529","846","228","83","9425"
"Sepetiba 1 - Rio de Janeiro (RJ)","25182","5478","5703","2038","1759","790","67","66","9282"
"Sepetiba 2 - Rio de Janeiro (RJ)","22484","6817","4575","1207","856","328","38","-","8663"
"Guaratiba, Pedra de Guaratiba e Barra de Guaratiba - Rio de Janeiro (RJ)","23291","4143","5270","1476","1369","895","299","-","9840"
"Guaratiba 1 - Rio de Janeiro (RJ)","24305","5258","5378","1720","934","577","122","74","10244"
"Guaratiba 2 - Rio de Janeiro (RJ)","32654","6911","7603","2510","1994","865","219","63","12489"
"Guaratiba 3 - Rio de Janeiro (RJ)","23549","6140","5231","1817","1187","622","287","55","8209"
"Rocinha 1 - Rio de Janeiro (RJ)","26057","6010","8536","1759","693","196","34","-","8829"
"Rocinha 2 - Rio de Janeiro (RJ)","32065","7185","10039","2238","1187","280","45","25","11066"
"Jacarezinho - Rio de Janeiro (RJ)","31902","7581","8601","1597","906","383","48","-","12787"
"Complexo do Alemão 1 - Rio de Janeiro (RJ)","22801","5035","6543","1440","560","107","13","-","9104"
"Complexo do Alemão 2 - Rio de Janeiro (RJ)","35010","8879","9000","2397","917","255","19","-","13544"
"Catete e Glória - Rio de Janeiro (RJ)","31386","3220","5710","3554","3989","5317","2786","1034","5775"
"Maré 1 - Rio de Janeiro (RJ)","33056","7682","9504","2812","1134","407","70","9","11437"
"Maré 2 - Rio de Janeiro (RJ)","24319","6638","6534","1281","766","398","60","-","8642"
"Maré 3 - Rio de Janeiro (RJ)","24063","5968","6959","1903","778","287","-","-","8167"
"Maré 4 - Rio de Janeiro (RJ)","27013","6277","7242","2172","1053","479","18","-","9772"
"Botafogo e Urca - Rio de Janeiro (RJ)","19808","1161","1743","1083","1956","3503","3966","1832","4564"
"Humaitá - Rio de Janeiro (RJ)","18551","1138","1675","1423","2214","3429","3366","2029","3277"
"Botafogo 1 - Rio de Janeiro (RJ)","19679","1433","2540","1430","2501","3340","2620","1643","4172"
"Botafogo 2 - Rio de Janeiro (RJ)","20399","1654","2110","1387","1918","3967","2879","1674","4809"
"Botafogo 3 - Rio de Janeiro (RJ)","17047","1046","1870","1504","2375","3311","2491","1300","3151"
"Leme - Rio de Janeiro (RJ)","17854","1769","2460","1404","1870","2341","2389","1819","3803"
"Copacabana 1 - Rio de Janeiro (RJ)","24259","982","2205","1922","2755","5005","3612","2422","5356"
"Copacabana 2 - Rio de Janeiro (RJ)","17465","880","1814","1306","2222","3501","2780","1230","3733"
"Copacabana 3 - Rio de Janeiro (RJ)","21212","961","2211","1343","3189","3876","3114","1810","4708"
"Copacabana 4 - Rio de Janeiro (RJ)","22951","2414","5703","1559","2303","2623","1956","1238","5154"
"Copacabana 5 - Rio de Janeiro (RJ)","25884","1648","2341","1630","3130","5774","4077","2157","5128"
"Copacabana 6 - Rio de Janeiro (RJ)","21946","1416","2610","2296","3169","4095","2611","1431","4317"
"Ipanema - Rio de Janeiro (RJ)","39628","2053","3456","2604","3497","6555","6042","6332","9089"
"Leblon 1 - Rio de Janeiro (RJ)","22390","448","1744","1263","1950","3269","4034","4232","5451"
"Leblon 2 - Rio de Janeiro (RJ)","20515","1014","2046","972","1277","3449","3364","3546","4847"
"Lagoa - Rio de Janeiro (RJ)","19419","564","1299","659","1419","3034","3509","4346","4589"
"Jardim Botânico e Gávea - Rio de Janeiro (RJ)","31184","1197","4083","2174","2991","5312","4570","4518","6339"
"Vidigal e São Conrado - Rio de Janeiro (RJ)","21024","3188","4161","1532","1083","1426","1380","1759","6496"
"Centro 1 - Rio de Janeiro (RJ)","17816","2439","4593","2822","2318","1905","536","71","3133"
"Centro 2 - Rio de Janeiro (RJ)","20671","2556","4322","2913","3132","2751","939","326","3732"
"Tijuca e Alto da Boa Vista - Rio de Janeiro (RJ)","21078","2162","4031","2028","2806","2656","1457","750","5187"
"Tijuca e Praça da Bandeira - Rio de Janeiro (RJ)","26369","1955","3057","2192","3337","5484","3532","1477","5335"
"Tijuca 1 - Rio de Janeiro (RJ)","21598","2862","4477","1600","1834","1894","1732","800","6398"
"Tijuca 2 - Rio de Janeiro (RJ)","21996","1352","2380","1796","3086","4848","3166","1146","4221"
"Tijuca 3 - Rio de Janeiro (RJ)","28029","3650","4810","1778","2892","3660","2498","1049","7692"
"Tijuca 4 - Rio de Janeiro (RJ)","28166","1726","3369","2246","3286","5213","3983","2161","6182"
"Tijuca 5 - Rio de Janeiro (RJ)","19981","780","2341","1733","2976","3529","2750","1508","4365"
"Maracanã - Rio de Janeiro (RJ)","23601","1072","2662","2279","3025","4335","3285","1418","5525"
"Vila Isabel 1 - Rio de Janeiro (RJ)","24414","4624","8494","1625","1323","1049","260","22","7016"
"Vila Isabel 2 - Rio de Janeiro (RJ)","32298","2596","4879","2925","4753","5971","3090","1098","6986"
"Vila Isabel 3 - Rio de Janeiro (RJ)","21156","1845","2278","1696","3210","3850","2540","1293","4445"
"Andaraí - Rio de Janeiro (RJ)","35864","4706","6017","3851","4296","5697","2403","991","7902"
"Grajaú - Rio de Janeiro (RJ)","35097","3251","5504","2557","4223","6547","3341","1512","8161"
"Manguinhos - Rio de Janeiro (RJ)","29638","7363","7990","2236","897","255","65","5","10828"
"Ramos - Rio de Janeiro (RJ)","31783","4310","7913","4368","3307","2302","656","135","8793"
"Bonsucesso - Rio de Janeiro (RJ)","21691","3204","5273","2442","2280","1559","350","82","6500"
"Olaria 1 - Rio de Janeiro (RJ)","27936","4501","6521","2990","2341","1738","670","69","9107"
"Olaria 2 - Rio de Janeiro (RJ)","23580","2687","5210","3063","2704","2554","797","201","6365"
"Complexo da Penha e Caricó - Rio de Janeiro (RJ)","31510","8214","7570","1895","511","126","35","-","13159"
"Penha - Rio de Janeiro (RJ)","37906","5257","8282","4677","4385","3507","536","230","11033"
"Penha Circular - Rio de Janeiro (RJ)","42542","6150","9249","4293","4066","3013","931","157","14684"
"Rio Comprido - Rio de Janeiro (RJ)","38549","6379","9484","3486","3446","3025","1179","427","11123"
"Brás de Pina 1 - Rio de Janeiro (RJ)","26100","4293","5533","2639","2551","1749","582","136","8617"
"Brás de Pina 2 - Rio de Janeiro (RJ)","26337","5053","5804","2310","1740","1201","314","123","9794"
"Parada de Lucas - Rio de Janeiro (RJ)","23302","4864","5669","2039","1424","670","141","-","8494"
"Cordovil - Rio de Janeiro (RJ)","36860","7466","8306","3486","2887","1590","377","44","12706"
"Vigário Geral - Rio de Janeiro (RJ)","35685","7406","7935","2287","1469","908","217","111","15351"
"Jardim América - Rio de Janeiro (RJ)","22563","3240","5161","2520","2056","915","194","77","8401"
"Del Castilho, Higienópolis e Maria da Graça - Rio de Janeiro (RJ)","35240","5881","7902","3398","4113","3394","685","227","9640"
"Inhaúma - Rio de Janeiro (RJ)","39536","6524","8369","4069","2610","1170","268","51","16474"
"Engenho da Rainha - Rio de Janeiro (RJ)","22730","3837","4763","2834","1967","1232","239","136","7722"
"Tomás Coelho - Rio de Janeiro (RJ)","20386","3284","5608","2072","1793","1117","214","38","6260"
"Riachuelo, Sampaio, Rocha, Jacaré e São Francisco Xavier - Rio de Janeiro (RJ)","44433","6309","10334","4611","4780","3781","1239","385","12993"
"Estácio, Catumbi e Cidade Nova - Rio de Janeiro (RJ)","30524","5956","8211","2733","2559","1236","643","130","9056"
"Engenho Novo - Rio de Janeiro (RJ)","37461","5910","7761","4118","3735","3589","1182","418","10748"
"Lins de Vasconcelos - Rio de Janeiro (RJ)","33382","3962","6082","2827","3743","3021","1172","240","12335"
"Méier 1 - Rio de Janeiro (RJ)","22459","2718","3509","2425","3029","3876","1191","574","5137"
"Méier 2 - Rio de Janeiro (RJ)","24041","1659","3567","2273","3166","4344","2512","931","5589"
"Todos Os Santos - Rio de Janeiro (RJ)","22664","2152","3085","2160","3159","4432","1981","557","5139"
"Cachambi - Rio de Janeiro (RJ)","38736","3863","6213","4510","4873","5547","1862","560","11309"
"Engenho de Dentro - Rio de Janeiro (RJ)","40907","6249","9255","4178","4314","3848","1102","484","11477"
"Encantado, Abolição e Água Santa - Rio de Janeiro (RJ)","31695","3807","6473","3597","3976","2756","1144","110","9831"
"Piedade - Rio de Janeiro (RJ)","38734","6159","8638","4506","3804","3025","684","208","11709"
"Pilares - Rio de Janeiro (RJ)","24188","3858","4780","2449","2289","1229","298","57","9229"
"São Cristóvão e Vasco da Gama - Rio de Janeiro (RJ)","37553","7087","8673","3410","3479","1990","700","121","12094"
"Vila da Penha - Rio de Janeiro (RJ)","23271","2985","3785","2855","3071","3405","1078","451","5641"
"Vicente de Carvalho e Vila Kosmos - Rio de Janeiro (RJ)","38265","6762","9356","3275","3161","2825","884","47","11955"
"Irajá e Vista Alegre - Rio de Janeiro (RJ)","22282","3105","3893","2082","3003","2507","844","183","6664"
"Irajá 1 - Rio de Janeiro (RJ)","26007","3970","5839","3269","3088","2051","449","39","7301"
"Irajá 2 - Rio de Janeiro (RJ)","24084","3401","4471","2591","2679","2492","724","193","7532"
"Irajá 3 - Rio de Janeiro (RJ)","22260","3144","5860","1865","2240","1380","613","118","7038"
"Colégio - Rio de Janeiro (RJ)","25197","5823","6209","2238","1456","727","116","92","8537"
"Quintino Bocaiúva - Rio de Janeiro (RJ)","27759","4753","6256","3589","2570","1899","528","227","7937"
"Cascadura - Rio de Janeiro (RJ)","25738","4890","6423","2926","2039","1482","359","44","7576"
"Cascadura, Cavalcanti e Engenheiro Leal - Rio de Janeiro (RJ)","23840","3651","5873","2384","1958","1174","326","54","8420"
"Madureira 1 - Rio de Janeiro (RJ)","22082","3160","4156","2325","2762","2241","534","154","6751"
"Madureira 2 - Rio de Janeiro (RJ)","22423","4404","6070","1773","1683","1065","141","117","7169"
"Turiaçú e Vaz Lobo - Rio de Janeiro (RJ)","28130","5675","6407","2547","2431","1625","304","72","9070"
"Rocha Miranda - Rio de Janeiro (RJ)","33865","7136","7281","3195","2812","1892","388","169","10992"
"Honório Gurgel - Rio de Janeiro (RJ)","24149","4511","6461","1946","1679","1270","292","75","7915"
"Benfica e Mangueira - Rio de Janeiro (RJ)","36374","8422","8713","2529","1685","809","429","96","13692"
"Oswaldo Cruz e Campinho - Rio de Janeiro (RJ)","39671","6590","8483","3854","3982","3139","886","105","12633"
"Bento Ribeiro - Rio de Janeiro (RJ)","39321","5910","9293","4260","3892","2824","944","181","12018"
"Marechal Hermes - Rio de Janeiro (RJ)","41795","7315","10325","3839","3521","2282","608","-","13905"
"Pitangueiras, Cacuia, Praia da Bandeira, Cocotá, Ribeira e Zumbi - Rio de Janeiro (RJ)","35071","4794","7306","3375","3542","3537","1482","280","10756"
"Freguesia e Bancários - Rio de Janeiro (RJ)","28143","4690","6499","2987","2697","1873","850","178","8368"
"Jardim Guanabara - Rio de Janeiro (RJ)","29478","1430","3407","2469","3858","5333","3732","1533","7715"
"Jardim Carioca - Rio de Janeiro (RJ)","21874","3424","4616","2673","2390","1622","511","168","6470"
"Tauá - Rio de Janeiro (RJ)","25706","4626","5988","1878","2137","1770","587","137","8583"
"Galeão - Rio de Janeiro (RJ)","23723","3878","5170","1889","1841","1683","603","130","8529"
"Portuguesa e Moneró - Rio de Janeiro (RJ)","24574","2909","4226","2301","3111","3537","1190","268","7031"
"Paquetá - Rio de Janeiro (RJ)","2977","605","778","283","249","229","65","18","750"
"Guadalupe - Rio de Janeiro (RJ)","41437","5462","8338","3392","3069","2276","347","109","18444"
"Anchieta 1 - Rio de Janeiro (RJ)","21657","3935","4777","2225","1619","841","394","75","7792"
"Anchieta 2 - Rio de Janeiro (RJ)","26367","6002","5964","1884","1678","929","310","27","9574"
"Parque Anchieta - Rio de Janeiro (RJ)","22874","4179","4306","2419","2235","1141","402","42","8149"
"Ricardo de Albuquerque - Rio de Janeiro (RJ)","25591","4337","5319","1708","1546","1104","97","43","11438"
"Coelho Neto - Rio de Janeiro (RJ)","28472","5747","7117","2781","2039","1412","182","-","9193"
"Acari e Parque Colúmbia - Rio de Janeiro (RJ)","30126","7323","7164","1854","1321","528","115","45","11775"
"Costa Barros e Barros Filho - Rio de Janeiro (RJ)","35462","7592","7983","1918","1266","299","42","-","16362"
"Pavuna 1 - Rio de Janeiro (RJ)","25458","4170","5989","2552","1881","870","246","27","9723"
"Pavuna 2 - Rio de Janeiro (RJ)","25942","5491","6765","2178","1600","684","132","-","9091"
"Pavuna 3 - Rio de Janeiro (RJ)","31865","5076","7804","3292","2786","1265","99","96","11446"
"Rio das Pedras 1 - Rio de Janeiro (RJ)","21505","4644","7867","1713","850","243","22","15","6152"
"Rio das Pedras 2 - Rio de Janeiro (RJ)","23993","4584","8296","3040","1283","320","122","-","6348"
"Jacarepaguá 1 - Rio de Janeiro (RJ)","28390","4868","7843","2219","1654","1405","752","472","9177"
"Jacarepaguá 2 - Rio de Janeiro (RJ)","26585","3591","5269","2711","2435","2690","1576","861","7452"
"Jacarepaguá 3 - Rio de Janeiro (RJ)","33014","5634","8652","2865","2552","1557","414","191","11150"
"Anil e Gardênia Azul - Rio de Janeiro (RJ)","37036","5128","8799","3518","3382","3289","1536","949","10434"
"Santa Teresa - Rio de Janeiro (RJ)","36602","5211","8724","4542","4361","3143","1376","382","8863"
"Cidade de Deus - Rio de Janeiro (RJ)","30646","7601","8891","2504","1259","664","62","23","9642"
"Curicica - Rio de Janeiro (RJ)","27143","4657","6892","2597","2451","2003","282","102","8159"
"Freguesia Jacarepaguá 1 - Rio de Janeiro (RJ)","39035","3388","6053","2500","4416","5896","4279","1496","11006"
"Freguesia Jacarepaguá 2 - Rio de Janeiro (RJ)","23466","3209","4638","2432","2743","2242","1019","328","6854"
"Pechincha - Rio de Janeiro (RJ)","30936","2832","5049","3182","3406","4485","2326","360","9295"
"Taquara 1 - Rio de Janeiro (RJ)","31339","3138","5680","4244","4051","3551","1105","178","9393"
"Taquara 2 - Rio de Janeiro (RJ)","24896","3016","5228","2334","2321","2334","840","291","8530"
"Taquara 3 - Rio de Janeiro (RJ)","34755","4317","7321","3327","3362","3475","825","237","11891"
"Tanque - Rio de Janeiro (RJ)","33262","5448","7681","3407","2886","2682","568","287","10304"
"Praça Seca 1 - Rio de Janeiro (RJ)","31751","4872","7773","3048","2652","2543","901","194","9768"
"Praça Seca 2 - Rio de Janeiro (RJ)","24559","4192","4478","2660","2895","2253","1064","116","6902"
"Vila Valqueire - Rio de Janeiro (RJ)","29697","2696","3787","3119","3983","4175","1776","392","9771"
"Itanhangá - Rio de Janeiro (RJ)","35260","4842","10520","3905","3012","2353","573","803","9251"
"Barra da Tijuca 1 - Rio de Janeiro (RJ)","24468","487","1693","1060","2218","4243","3795","4273","6698"
"Barra da Tijuca 2 - Rio de Janeiro (RJ)","27080","947","2179","1237","2353","4309","4289","4257","7509"
"Barra da Tijuca 3 - Rio de Janeiro (RJ)","21344","756","1376","620","1891","2751","3626","4191","6134"
"Barra da Tijuca 4 - Rio de Janeiro (RJ)","20001","651","2258","1187","1558","3077","2958","2776","5535"
"Barra da Tijuca 5 - Rio de Janeiro (RJ)","31267","879","1650","1267","2654","5908","7072","4813","7024"
"Flamengo 1 - Rio de Janeiro (RJ)","23008","1269","2115","1249","2826","5208","3775","2848","3718"
"Flamengo 2 - Rio de Janeiro (RJ)","24476","1444","2525","1853","3099","4831","4010","2109","4607"
"Vargem Pequena, Vargem Grande e Camorim - Rio de Janeiro (RJ)","31397","5771","7602","2496","2107","1903","979","246","10293"
"Recreio dos Bandeirantes 1 - Rio de Janeiro (RJ)","25845","2404","5477","1906","2445","2599","2282","1485","7246"
"Recreio dos Bandeirantes 2 - Rio de Janeiro (RJ)","24854","693","3027","1146","2184","4274","3654","2462","7414"
"Recreio dos Bandeirantes 3 - Rio de Janeiro (RJ)","23572","2437","4051","1565","2098","3629","2214","1146","6433"
"Jardim Sulacap, Vila Militar, Deodoro e Campo dos Afonsos - Rio de Janeiro (RJ)","33520","4420","5974","2408","3094","3537","1239","384","12464"
"Magalhães Bastos - Rio de Janeiro (RJ)","21433","4681","5197","2182","1290","1256","214","98","6515"
"Realengo 1 - Rio de Janeiro (RJ)","23562","5396","6533","1793","979","739","118","18","7987"
"Realengo 2 - Rio de Janeiro (RJ)","30101","6018","7194","2748","2741","1377","245","129","9647"
"Realengo 3 - Rio de Janeiro (RJ)","21997","4300","4832","2145","1880","1477","568","105","6691"
"Realengo 4 - Rio de Janeiro (RJ)","22352","5157","5512","1886","1380","863","153","14","7388"
"Realengo 5 - Rio de Janeiro (RJ)","21941","4275","5365","2070","1885","968","193","66","7120"
"Realengo 6 - Rio de Janeiro (RJ)","36822","7030","8518","3669","3204","2265","708","111","11316"
"Padre Miguel 1 - Rio de Janeiro (RJ)","26571","4745","6317","3119","2377","1123","305","-","8585"
"Padre Miguel 2 - Rio de Janeiro (RJ)","29383","5585","6806","3075","2067","1729","365","88","9671"
"Conjuntos Vila Kennedy, Estrada do Quafá e Estrada Sargento Miguel Filho - Rio de Janeiro (RJ)","28999","5888","7614","3103","1821","635","77","-","9863"
"Bangu 1 - Rio de Janeiro (RJ)","58719","8106","10442","3556","3405","2464","485","74","30185"
"Bangu 2 - Rio de Janeiro (RJ)","27072","5028","7148","2332","1423","909","230","59","9944"
"Bangu 3 - Rio de Janeiro (RJ)","22614","6027","5364","1367","840","278","107","49","8583"
"Bangu 4 - Rio de Janeiro (RJ)","37096","8044","9222","3645","2656","1869","377","90","11193"
"Bangu 5 - Rio de Janeiro (RJ)","26810","4042","5553","2825","2370","1987","722","192","9119"
"Bangu 6 - Rio de Janeiro (RJ)","24585","5372","5798","2461","1535","1171","245","70","7932"
"Fazenda Coqueiro, Jacaré e Coréia - Rio de Janeiro (RJ)","26816","7024","7316","1672","1037","379","23","-","9366"
"Senador Camará 1 - Rio de Janeiro (RJ)","30052","5818","6897","2759","1657","1663","398","117","10744"
"Senador Camará 2 - Rio de Janeiro (RJ)","33329","6871","7741","2617","2027","751","211","19","13092"
"Santíssimo - Rio de Janeiro (RJ)","35893","7213","9164","3229","2295","1229","151","36","12576"
"Campo Grande 01 - Rio de Janeiro (RJ)","23135","5262","5178","1913","1278","1029","88","34","8353"
"Campo Grande 10 - Rio de Janeiro (RJ)","22539","4528","4937","1943","1643","1339","377","135","7638"
"Campo Grande 11 - Rio de Janeiro (RJ)","23746","4905","5225","1880","2238","1726","513","113","7147"
"Campo Grande 02 - Rio de Janeiro (RJ)","34332","6737","7586","3262","2871","1469","294","73","12040"
"Campo Grande 03 - Rio de Janeiro (RJ)","33017","6176","7285","2515","2824","2027","602","54","11536"
"Campo Grande 04 - Rio de Janeiro (RJ)","25790","4258","5603","2439","2635","1473","419","129","8834"
"Campo Grande 05 - Rio de Janeiro (RJ)","25015","3017","5198","2488","2817","2536","823","115","8021"
"Campo Grande 06 - Rio de Janeiro (RJ)","23298","3559","4875","2339","2279","2377","911","143","6815"
"Campo Grande 07 - Rio de Janeiro (RJ)","22835","4742","4734","1982","1752","1833","629","175","6989"
"Campo Grande 08 - Rio de Janeiro (RJ)","22192","4086","4138","2191","2088","1638","371","167","7513"
"Campo Grande 09 - Rio de Janeiro (RJ)","30749","6120","6589","2757","2493","2130","515","152","9993"
"Área 001 - São Paulo (SP)","20964","1619","5289","2760","2243","1568","561","51","6872"
"Área 002 - São Paulo (SP)","20897","1517","5014","3465","2853","2711","1147","404","3786"
"Área 003 - São Paulo (SP)","31588","2405","7619","4563","5194","3746","976","428","6657"
"Área 005 - São Paulo (SP)","29584","3050","6497","3010","3414","2648","765","141","10059"
"Área 007 - São Paulo (SP)","25673","2437","6477","2794","3162","2258","560","101","7882"
"Área 008 - São Paulo (SP)","32818","3013","6778","3656","4058","4900","1938","1157","7319"
"Área 010 - São Paulo (SP)","36399","1782","6062","2992","4353","6614","3086","2520","8989"
"Área 012 - São Paulo (SP)","26620","2116","4184","2741","3917","4367","1930","1002","6364"
"Área 013 - São Paulo (SP)","17166","1035","3438","1612","2456","3193","1905","904","2622"
"Área 015 - São Paulo (SP)","28563","1638","4799","2645","4039","4827","3138","2159","5319"
"Área 016 - São Paulo (SP)","18684","916","3359","2253","2777","3047","1921","1385","3025"
"Área 017 - São Paulo (SP)","27376","1260","3213","2325","3666","4663","3240","3032","5977"
"Área 019 - São Paulo (SP)","26931","1073","2541","2103","3593","5221","3810","3055","5535"
"Área 022 - São Paulo (SP)","34925","2913","7365","4639","5169","5167","1752","869","7052"
"Área 023 - São Paulo (SP)","15060","2057","4596","1823","1222","1166","292","99","3805"
"Área 025 - São Paulo (SP)","40193","4490","8462","4171","4443","4991","2410","798","10429"
"Área 026 - São Paulo (SP)","40432","3257","7150","4605","5810","6311","2789","1329","9181"
"Área 028 - São Paulo (SP)","28236","1869","3934","2363","3755","4617","2429","1680","7588"
"Área 029 - São Paulo (SP)","25960","2328","4385","2489","3755","3970","2062","898","6075"
"Área 030 - São Paulo (SP)","23111","872","2436","1350","3196","4740","3068","1998","5451"
"Área 032 - São Paulo (SP)","34112","2038","3552","2461","3872","6734","5044","3704","6706"
"Área 034 - São Paulo (SP)","21972","853","1704","1471","2589","4433","3180","4006","3736"
"Área 035 - São Paulo (SP)","24928","1018","1797","1313","2755","5497","3682","4166","4702"
"Área 037 - São Paulo (SP)","29575","1328","2429","1650","2490","4324","3972","5026","8357"
"Área 038 - São Paulo (SP)","28312","785","1697","1470","3145","5782","4936","4395","6102"
"Área 041 - São Paulo (SP)","22968","705","1759","1504","2278","4575","3430","3538","5179"
"Área 042 - São Paulo (SP)","18986","1174","3530","2557","2534","3255","1602","512","3822"
"Área 043 - São Paulo (SP)","22902","1296","2537","1122","2898","3989","2598","2154","6310"
"Área 044 - São Paulo (SP)","12965","906","1701","1357","1625","2561","1191","946","2678"
"Área 046 - São Paulo (SP)","29088","2799","5740","3150","3764","3853","1877","721","7184"
"Área 048 - São Paulo (SP)","23710","2432","4850","2676","3908","2684","1112","275","5771"
"Área 049 - São Paulo (SP)","24672","2472","5551","2839","2580","2665","1247","400","6917"
"Área 050 - São Paulo (SP)","35673","4480","8427","4349","3121","2330","747","196","12023"
"Área 051 - São Paulo (SP)","23083","2319","6581","3270","2203","1489","719","173","6329"
"Área 054 - São Paulo (SP)","39669","5859","11723","3634","2207","1647","463","83","14054"
"Área 056 - São Paulo (SP)","38810","3319","6475","3429","5374","6099","3321","1569","9223"
"Área 057 - São Paulo (SP)","23425","2094","2730","2033","3204","3534","2524","1613","5692"
"Área 058 - São Paulo (SP)","20820","1389","3221","1895","2619","3403","2135","864","5295"
"Área 059 - São Paulo (SP)","44469","4153","8146","4752","4919","5773","2910","1308","12510"
"Área 062 - São Paulo (SP)","43323","4784","7547","3820","4191","4975","2417","977","14611"
"Área 063 - São Paulo (SP)","32344","3222","7194","4225","3252","3290","1108","283","9770"
"Área 066 - São Paulo (SP)","34197","3065","6654","2578","4047","4457","2039","967","10391"
"Área 069 - São Paulo (SP)","29974","2626","6051","3155","3885","4138","1880","1010","7227"
"Área 070 - São Paulo (SP)","35781","3439","5843","3936","3783","4360","2377","1226","10816"
"Área 071 - São Paulo (SP)","21372","1491","3001","2183","2875","3808","2851","1072","4091"
"Área 073 - São Paulo (SP)","41423","1985","4301","2792","4591","8157","5520","4821","9256"
"Área 075 - São Paulo (SP)","39377","1894","4305","3081","3738","7647","5211","3332","10169"
"Área 076 - São Paulo (SP)","35344","2215","4874","3502","5117","6827","4242","1693","6875"
"Área 077 - São Paulo (SP)","31067","770","2330","1565","2790","4614","4950","5958","8091"
"Área 078 - São Paulo (SP)","21258","1430","2220","1501","2235","3665","3048","2950","4209"
"Área 079 - São Paulo (SP)","19464","561","1283","865","2191","3483","3635","4023","3423"
"Área 080 - São Paulo (SP)","18442","897","1855","1311","2393","3776","2768","1890","3551"
"Área 081 - São Paulo (SP)","21624","1016","2668","1342","2350","3253","2914","3667","4414"
"Área 082 - São Paulo (SP)","20197","1501","1908","1333","2066","3765","2719","2421","4484"
"Área 083 - São Paulo (SP)","27738","1096","2213","1605","3064","5472","4842","3644","5802"
"Área 085 - São Paulo (SP)","27171","1094","2362","1863","3195","5838","3931","3318","5570"
"Área 088 - São Paulo (SP)","23800","1363","2967","2130","3149","4531","3147","1685","4828"
"Área 089 - São Paulo (SP)","26677","2761","4151","2549","4292","3900","2190","1407","5428"
"Área 091 - São Paulo (SP)","33313","2204","4479","3191","4365","5698","3692","2706","6977"
"Área 094 - São Paulo (SP)","35342","3929","9162","3975","3312","2725","649","104","11486"
"Área 095 - São Paulo (SP)","35063","4127","7553","3849","3994","3979","1148","333","10081"
"Área 096 - São Paulo (SP)","46832","6353","11768","4975","4991","3902","1383","387","13072"
"Área 100 - São Paulo (SP)","33213","1858","3774","2917","4704","5930","3650","2107","8274"
"Área 102 - São Paulo (SP)","33222","3374","5045","3189","5007","4627","2001","1141","8838"
"Área 103 - São Paulo (SP)","42218","3041","6120","4194","5133","6364","3988","2268","11109"
"Área 104 - São Paulo (SP)","32099","3181","7005","3981","4028","3945","1320","438","8203"
"Área 107 - São Paulo (SP)","41391","5235","10850","5761","4269","3403","632","109","11133"
"Área 108 - São Paulo (SP)","30086","4354","8122","3236","2870","2008","316","117","9063"
"Área 110 - São Paulo (SP)","42507","6364","13131","4678","3502","1976","325","74","12457"
"Área 111 - São Paulo (SP)","46359","5805","10393","5176","5473","3726","1056","153","14577"
"Área 112 - São Paulo (SP)","29635","3399","7050","3659","3255","2294","842","251","8884"
"Área 114 - São Paulo (SP)","26488","3890","6911","2767","2196","1397","399","24","8904"
"Área 115 - São Paulo (SP)","23925","3188","6110","2784","2518","2091","471","159","6605"
"Área 117 - São Paulo (SP)","35706","4799","8144","4730","4335","4092","1185","357","8064"
"Área 118 - São Paulo (SP)","24984","2876","4844","2923","2870","3056","997","355","7063"
"Área 119 - São Paulo (SP)","44496","5828","10477","4874","5080","4241","1006","348","12641"
"Área 122 - São Paulo (SP)","37446","4039","7388","4340","4241","5270","2037","848","9283"
"Área 124 - São Paulo (SP)","37424","5606","9039","3757","4220","3782","1086","366","9568"
"Área 125 - São Paulo (SP)","41556","5074","10469","5145","3967","2479","625","278","13518"
"Área 128 - São Paulo (SP)","38864","4449","7935","5008","4622","4045","1019","251","11534"
"Área 130 - São Paulo (SP)","25543","3175","5121","3471","3137","2075","808","118","7639"
"Área 132 - São Paulo (SP)","26348","2598","6956","2767","3199","2058","610","201","7958"
"Área 133 - São Paulo (SP)","32998","3670","7532","3623","4062","3476","1190","394","9051"
"Área 134 - São Paulo (SP)","39667","4917","10745","3921","3777","3032","1474","671","11129"
"Área 137 - São Paulo (SP)","39613","3555","8625","3801","4696","4439","1825","362","12310"
"Área 138 - São Paulo (SP)","37969","5111","13779","2478","1474","637","275","-","14214"
"Área 139 - São Paulo (SP)","31225","3304","8020","3912","4135","3196","900","244","7514"
"Área 140 - São Paulo (SP)","24806","2501","5669","3045","2237","2358","675","215","8105"
"Área 141 - São Paulo (SP)","34952","4360","9312","3577","3730","3085","924","169","9797"
"Área 142 - São Paulo (SP)","23932","2753","5586","2716","2765","2562","781","316","6454"
"Área 143 - São Paulo (SP)","40362","5048","10202","4555","4080","2539","586","139","13214"
"Área 146 - São Paulo (SP)","20490","1269","2592","1684","2158","3683","2814","1125","5165"
"Área 147 - São Paulo (SP)","34792","3103","5819","3611","4325","5177","2733","980","9044"
"Área 148 - São Paulo (SP)","24741","1639","3546","1934","3244","4131","2734","1320","6192"
"Área 150 - São Paulo (SP)","27819","2694","5306","2547","2888","3067","1036","447","9834"
"Área 152 - São Paulo (SP)","25569","1820","3545","2234","3300","4071","2579","1910","6111"
"Área 153 - São Paulo (SP)","26111","3630","6674","2217","2172","2071","808","200","8338"
"Área 157 - São Paulo (SP)","26447","752","1616","1240","2164","4653","4313","5129","6580"
"Área 158 - São Paulo (SP)","18918","439","1564","1047","1864","3080","3478","2950","4497"
"Área 159 - São Paulo (SP)","36183","2268","3949","3484","3777","6315","4088","3036","9265"
"Área 160 - São Paulo (SP)","23451","1222","1976","1649","2111","3776","3197","3769","5751"
"Área 161 - São Paulo (SP)","19270","726","2046","1369","2440","3964","3376","2022","3326"
"Área 163 - São Paulo (SP)","25017","1393","1996","1552","2900","4680","3788","3435","5273"
"Área 165 - São Paulo (SP)","41565","2370","5778","2573","3479","4656","4389","5971","12348"
"Área 166 - São Paulo (SP)","25422","1681","3272","2062","3117","3603","2337","1548","7802"
"Área 167 - São Paulo (SP)","39507","1522","4430","2935","3704","6235","5535","5306","9840"
"Área 168 - São Paulo (SP)","35134","1636","4399","2470","3051","5349","4745","3312","10173"
"Área 169 - São Paulo (SP)","43005","4945","9348","4261","4253","5355","2499","732","11612"
"Área 171 - São Paulo (SP)","22241","2512","5442","2977","2924","2037","574","138","5638"
"Área 173 - São Paulo (SP)","43633","4451","9150","5092","5188","5358","2265","798","11330"
"Área 174 - São Paulo (SP)","30621","5270","7741","2982","2092","1288","247","69","10931"
"Área 176 - São Paulo (SP)","23768","3673","5664","2592","2518","2522","537","175","6087"
"Área 177 - São Paulo (SP)","30880","3249","6576","3664","3560","3759","1092","200","8781"
"Área 179 - São Paulo (SP)","33320","4193","9221","3805","3072","1383","503","113","11031"
"Área 181 - São Paulo (SP)","33839","5127","9281","3596","2649","1587","264","140","11195"
"Área 183 - São Paulo (SP)","39719","4592","8157","4571","5299","4696","1761","405","10238"
"Área 184 - São Paulo (SP)","26846","2259","5782","2686","3585","3017","1358","218","7941"
"Área 185 - São Paulo (SP)","30300","3753","7831","3703","3130","2016","355","97","9416"
"Área 188 - São Paulo (SP)","29418","4088","7446","3860","2777","1738","394","54","9062"
"Área 189 - São Paulo (SP)","39493","6386","10953","4598","3398","1976","281","146","11754"
"Área 191 - São Paulo (SP)","30133","4228","9444","4265","2641","1226","263","-","8067"
"Área 192 - São Paulo (SP)","40235","7458","12205","2852","1826","643","98","-","15153"
"Área 195 - São Paulo (SP)","39225","7601","12000","3524","2030","1094","185","-","12790"
"Área 196 - São Paulo (SP)","33213","4250","8220","3758","4147","2407","1077","157","9196"
"Área 198 - São Paulo (SP)","34100","4828","8085","3944","3636","2873","682","96","9957"
"Área 200 - São Paulo (SP)","29522","4484","8492","3152","1544","793","132","26","10898"
"Área 201 - São Paulo (SP)","25569","3299","8321","2195","1537","660","16","21","9520"
"Área 202 - São Paulo (SP)","36291","4468","7573","4930","3873","3400","1115","250","10683"
"Área 204 - São Paulo (SP)","31390","2533","5333","2845","3464","4039","2473","961","9742"
"Área 205 - São Paulo (SP)","28179","2293","4480","3000","3055","4696","1671","513","8471"
"Área 211 - São Paulo (SP)","32228","3414","5103","3486","4984","4893","2142","570","7636"
"Área 213 - São Paulo (SP)","24859","2659","5216","2984","3359","2954","576","236","6876"
"Área 216 - São Paulo (SP)","44212","4958","9048","4910","4997","4760","2176","743","12619"
"Área 217 - São Paulo (SP)","36620","5575","9624","3990","3393","1715","612","308","11403"
"Área 218 - São Paulo (SP)","45353","6701","12875","3193","2141","627","275","27","19513"
"Área 219 - São Paulo (SP)","35573","6123","10575","3229","2368","1340","100","43","11794"
"Área 220 - São Paulo (SP)","43523","6806","10645","4826","3524","2095","434","13","15180"
"Área 221 - São Paulo (SP)","25095","2662","6584","2756","2507","1240","267","18","9061"
"Área 223 - São Paulo (SP)","32901","5422","10221","3184","1421","733","245","53","11621"
"Área 224 - São Paulo (SP)","25382","2937","6722","2734","2852","1519","216","41","8359"
"Área 225 - São Paulo (SP)","27967","4472","6556","2567","2669","1341","374","57","9931"
"Área 227 - São Paulo (SP)","30176","3746","7531","3695","3294","2421","551","31","8907"
"Área 229 - São Paulo (SP)","24178","3757","6158","2660","1882","1776","262","-","7683"
"Área 230 - São Paulo (SP)","24715","3057","5998","2539","2820","2442","612","80","7168"
"Área 231 - São Paulo (SP)","24249","2721","5185","2682","3055","1790","544","186","8086"
"Área 232 - São Paulo (SP)","30455","4592","7881","3575","3140","1815","513","149","8790"
"Área 235 - São Paulo (SP)","23526","2682","5033","2517","3088","2234","494","92","7385"
"Área 236 - São Paulo (SP)","34320","3854","9028","5029","4423","2814","348","15","8809"
"Área 237 - São Paulo (SP)","27914","4437","7574","2836","2627","1404","140","23","8873"
"Área 240 - São Paulo (SP)","44498","5346","11955","5017","3966","2122","428","118","15544"
"Área 242 - São Paulo (SP)","40645","6102","9626","4530","3592","2538","552","213","13492"
"Área 244 - São Paulo (SP)","38470","5021","10631","4122","3070","1854","524","69","13180"
"Área 246 - São Paulo (SP)","38510","5489","8372","4602","3243","2390","633","412","13369"
"Área 249 - São Paulo (SP)","38198","5335","10259","3842","3507","1675","333","168","13079"
"Área 250 - São Paulo (SP)","34767","4737","8254","3609","2842","1556","145","36","13587"
"Área 253 - São Paulo (SP)","42044","7006","12214","3940","3006","1248","160","59","14413"
"Área 254 - São Paulo (SP)","43429","6802","14339","4553","3221","1197","69","-","13247"
"Área 256 - São Paulo (SP)","23923","3182","5635","3132","2693","1789","390","23","7080"
"Área 258 - São Paulo (SP)","37178","5542","8099","4058","4119","3234","686","111","11330"
"Área 259 - São Paulo (SP)","40505","6559","10876","4452","3127","1320","193","41","13937"
"Área 261 - São Paulo (SP)","30525","6091","7978","3019","1918","966","228","42","10282"
"Área 262 - São Paulo (SP)","24884","3079","6867","2865","2016","1894","628","202","7332"
"Área 264 - São Paulo (SP)","32467","4962","10071","3544","2078","687","143","36","10945"
"Área 266 - São Paulo (SP)","40712","5536","10706","4051","2841","1742","358","148","15329"
"Área 267 - São Paulo (SP)","41345","7123","12793","4403","2373","1380","282","135","12856"
"Área 268 - São Paulo (SP)","44159","6223","13037","4903","3492","1193","160","24","15128"
"Área 269 - São Paulo (SP)","34026","5844","10678","2885","1832","681","86","162","11858"
"Área 270 - São Paulo (SP)","32634","5980","9609","2491","1705","291","35","18","12505"
"Área 272 - São Paulo (SP)","35667","2729","7198","3261","3696","4165","1696","563","12359"
"Área 274 - São Paulo (SP)","28812","2914","5015","2996","3274","3836","1052","170","9555"
"Área 275 - São Paulo (SP)","26429","2098","4225","2759","3418","4364","2089","1031","6445"
"Área 277 - São Paulo (SP)","34198","2540","4054","2826","3818","6561","3265","1829","9304"
"Área 278 - São Paulo (SP)","25004","1262","2942","1987","1964","4120","3285","3248","6196"
"Área 280 - São Paulo (SP)","39776","2379","5365","3988","5175","7117","4568","2780","8403"
"Área 281 - São Paulo (SP)","41008","7228","15669","2859","929","340","211","14","13758"
"Área 282 - São Paulo (SP)","37484","2667","4431","1562","2335","3853","4674","5460","12502"
"Área 283 - São Paulo (SP)","28116","1417","2361","1124","2385","3542","2465","2585","12237"
"Área 284 - São Paulo (SP)","30720","3007","5960","2239","2772","3386","2986","2227","8142"
"Área 285 - São Paulo (SP)","32672","3285","5441","2624","4466","5180","2451","1131","8094"
"Área 287 - São Paulo (SP)","24219","1854","3352","1816","3268","3703","2504","873","6850"
"Área 288 - São Paulo (SP)","31979","3812","6283","2631","3021","3445","1367","494","10927"
"Área 289 - São Paulo (SP)","32185","3104","7135","3017","3048","3488","1728","994","9670"
"Área 290 - São Paulo (SP)","28105","3228","6659","2836","2360","2526","1022","302","9173"
"Área 291 - São Paulo (SP)","43310","3895","8251","4302","4096","4846","3464","1074","13383"
"Área 294 - São Paulo (SP)","38833","4186","10051","3978","3550","1564","449","104","14950"
"Área 295 - São Paulo (SP)","27778","4544","8091","2749","1553","577","106","20","10139"
"Área 296 - São Paulo (SP)","26410","3484","6844","2191","2895","2011","254","22","8708"
"Área 297 - São Paulo (SP)","34866","3780","11233","3871","2220","1207","123","-","12432"
"Área 299 - São Paulo (SP)","46063","9546","12648","3614","2396","712","94","63","16991"
"Área 300 - São Paulo (SP)","27338","3610","7277","2295","1148","303","95","-","12610"
"Área 301 - São Paulo (SP)","42661","5380","14057","3698","2219","1011","178","55","16063"
"Área 303 - São Paulo (SP)","39081","5547","8422","3817","4311","2722","784","58","13421"
"Área 304 - São Paulo (SP)","43284","7136","12077","3703","3022","2086","333","107","14819"
"Área 306 - São Paulo (SP)","39453","6481","10261","2792","2212","998","88","-","16621"
"Área 307 - São Paulo (SP)","38274","6746","11112","3951","2403","1220","187","87","12568"
"Área 311 - São Paulo (SP)","34428","5663","8876","3765","2973","1547","344","85","11174"
"Área 313 - São Paulo (SP)","45547","7385","12284","4983","3361","1512","129","56","15837"
"Área 314 - São Paulo (SP)","36767","4730","10049","4004","2714","1831","463","147","12829"
"Área 317 - São Paulo (SP)","38262","6169","10007","3081","2086","1414","233","42","15230"
"Área 318 - São Paulo (SP)","31085","4477","7779","3052","2464","1745","270","28","11271"
"Área 322 - São Paulo (SP)","41213","5781","10437","5235","4242","2221","430","114","12753"
"Área 323 - São Paulo (SP)","28261","3130","5074","2679","2876","2149","542","104","11707"
"Área 324 - São Paulo (SP)","26044","3093","6236","3325","2541","1816","268","75","8691"
"Área 325 - São Paulo (SP)","32118","4138","7097","3283","2852","1917","332","46","12453"
"Área 326 - São Paulo (SP)","26009","3207","6846","2281","1912","790","213","19","10741"
"Área 329 - São Paulo (SP)","27184","4091","6562","2254","1961","1027","74","46","11169"
"Área 330 - São Paulo (SP)","30256","4239","7535","2618","2782","1097","263","178","11546"
"Área 331 - São Paulo (SP)","38227","4582","7969","4119","3715","2286","456","125","14974"
"Área 332 - São Paulo (SP)","25341","3352","7010","2744","1966","962","166","17","9124"
"Área 333 - São Paulo (SP)","27949","4756","8642","2415","1180","679","34","29","10215"
"Área 334 - São Paulo (SP)","24827","3799","7912","1709","1017","496","92","16","9788"
"Área 336 - São Paulo (SP)","40572","5558","9730","4807","3455","1736","501","48","14737"
"Área 337 - São Paulo (SP)","34366","4694","10061","3751","2833","1429","600","75","10924"
"Área 338 - São Paulo (SP)","34429","4872","10184","2833","1347","413","-","-","14780"
"Área 339 - São Paulo (SP)","28606","4070","6831","2021","1171","503","91","37","13882"
"Área 341 - São Paulo (SP)","24463","4203","7501","2670","1532","682","99","-","7776"
"Área 342 - São Paulo (SP)","39592","5529","10701","3976","3332","1919","593","78","13464"
"Área 344 - São Paulo (SP)","30143","3548","8400","3140","2583","1027","296","35","11115"
"Área 346 - São Paulo (SP)","29115","3485","5921","3638","3427","2687","445","215","9297"
"Área 348 - São Paulo (SP)","34034","3186","5872","3501","4616","4538","1725","1115","9481"
"Área 350 - São Paulo (SP)","38059","5695","12280","4254","2091","1198","172","90","12280"
"Área 351 - São Paulo (SP)","26996","4003","7973","2890","1945","1353","357","39","8436"
"Área 354 - São Paulo (SP)","25608","2322","8387","2929","1875","778","168","19","9130"
"Área 356 - São Paulo (SP)","38978","5549","12192","4158","2158","789","281","32","13819"
"Área 357 - São Paulo (SP)","34643","5013","9911","3704","2252","1293","230","16","12224"
"Área 358 - São Paulo (SP)","34905","6669","10480","3790","2111","921","89","56","10790"
"Área 360 - São Paulo (SP)","31291","5320","9598","2454","1415","737","87","-","11678"
"Área 362 - São Paulo (SP)","24566","3419","5913","3135","2466","1633","642","70","7288"
"Área 363 - São Paulo (SP)","39494","5917","10860","3537","2409","1439","204","18","15110"
"Área 364 - São Paulo (SP)","42314","5366","12835","4026","3295","2376","707","93","13616"
"Área 365 - São Paulo (SP)","39279","5623","11044","4228","3173","2131","216","82","12781"
"Área 366 - São Paulo (SP)","24382","4213","7824","2613","1607","755","102","-","7269"
"Área 367 - São Paulo (SP)","30369","3648","8588","2590","1712","581","177","83","12989"
"Área 369 - São Paulo (SP)","36702","5337","9417","3841","3416","2358","571","351","11411"
"Área 371 - São Paulo (SP)","33174","4322","8513","3516","3225","2101","537","128","10833"
"Área 372 - São Paulo (SP)","34919","4715","9897","3192","2565","1013","249","57","13231"
"Área 374 - São Paulo (SP)","44861","5659","11800","4140","3539","3849","1421","357","14097"
"Área 375 - São Paulo (SP)","32723","4264","8238","3198","3440","2140","682","133","10627"
"Área 376 - São Paulo (SP)","25319","3139","7369","2147","2173","1320","476","92","8603"
"Área 377 - São Paulo (SP)","27447","3685","7062","2973","2404","1586","310","46","9381"
"Área 379 - São Paulo (SP)","25191","3415","7436","2719","2196","1273","188","17","7947"
"Área 381 - São Paulo (SP)","32018","4651","8565","2578","2259","885","150","12","12917"
"Área 383 - São Paulo (SP)","35665","5837","9945","2503","1890","791","153","42","14506"
"Área 384 - São Paulo (SP)","30787","4884","7474","1950","1517","882","70","40","13970"
"Área 385 - São Paulo (SP)","27123","4677","6697","1877","1096","269","33","31","12443"
"Área 386 - São Paulo (SP)","28480","5165","8215","2568","1826","422","209","24","10050"
"Área 388 - São Paulo (SP)","27580","4826","7561","2129","1103","610","83","43","11225"
"Área 391 - São Paulo (SP)","41578","8088","11080","3899","2288","964","175","74","15011"
"Área 393 - São Paulo (SP)","38370","6337","10633","3914","3111","1471","346","78","12482"
"Área 394 - São Paulo (SP)","25092","3931","6729","2024","1639","621","60","27","10062"
"Área 395 - São Paulo (SP)","37542","6545","10052","3171","2054","525","27","64","15104"
"Área 398 - São Paulo (SP)","41910","8224","12091","3532","1781","615","46","25","15597"
"Área 399 - São Paulo (SP)","43455","7067","11197","3975","3031","1792","309","137","15947"
"Área 400 - São Paulo (SP)","35597","6106","9803","2652","1414","367","-","-","15254"
"Área 401 - São Paulo (SP)","25504","5065","7012","1679","968","101","26","36","10618"
"Área 402 - São Paulo (SP)","26664","4850","7875","1970","1050","446","25","-","10447"
"Área 403 - São Paulo (SP)","25172","4341","6804","1697","1201","521","12","-","10596"
"Área 404 - São Paulo (SP)","25075","5207","6328","1656","1178","525","-","17","10164"
"Área 406 - São Paulo (SP)","47641","9029","12776","3604","1543","636","57","25","19972"
"Área 408 - São Paulo (SP)","40031","6339","12195","2945","1852","762","170","69","15698"
"Área 409 - São Paulo (SP)","32052","4131","8028","3925","3705","1417","177","48","10621"
"Área 410 - São Paulo (SP)","23476","3347","6527","2782","1760","815","193","33","8019"
"Área 411 - São Paulo (SP)","22627","2898","5717","3045","2655","1439","208","49","6617"
"Área 412 - São Paulo (SP)","26528","4004","8061","2713","1729","778","88","24","9132"
"Área 413 - São Paulo (SP)","23900","4467","6675","1735","1255","605","36","83","9043"
"Área 414 - São Paulo (SP)","37367","6597","10573","3452","1980","702","98","-","13965"
"Área 416 - São Paulo (SP)","28008","5108","8548","2197","1179","338","48","-","10590"
"Área 417 - São Paulo (SP)","35405","6402","10396","2773","1537","769","94","21","13414"
"Área 418 - São Paulo (SP)","24780","4583","7069","2238","1537","336","112","-","8905"
"Área 420 - São Paulo (SP)","31368","5437","7770","2476","956","412","23","28","14266"
"Área 421 - São Paulo (SP)","25264","4939","7237","1998","950","299","41","-","9800"
"Área 422 - São Paulo (SP)","32088","5294","9686","3396","1720","487","75","-","11429"
"Área 423 - São Paulo (SP)","25692","4355","7664","2921","1571","420","100","20","8640"
"Área 424 - São Paulo (SP)","25174","4496","7040","2305","1274","620","62","22","9355"
"Área 425 - São Paulo (SP)","28661","5610","7560","2040","1847","1028","64","-","10511"
"Área 426 - São Paulo (SP)","27894","4543","7528","2254","1415","448","-","99","11606"
"Área 427 - São Paulo (SP)","29394","5238","8491","1774","928","310","22","-","12631"
"Área 428 - São Paulo (SP)","25770","4642","7290","1974","1110","494","30","-","10230"
"Área 429 - São Paulo (SP)","26943","4767","9072","2308","895","411","-","-","9491"
"Área 430 - São Paulo (SP)","46372","7699","13266","4513","2527","980","89","-","17297"
"Área 432 - São Paulo (SP)","23632","4102","7056","1821","618","255","53","-","9728"
"Área 433 - São Paulo (SP)","30761","4891","9338","2800","1647","818","63","24","11180"
"Área 434 - São Paulo (SP)","45246","7520","13691","4568","3273","1379","194","19","14601"
"Área 435 - São Paulo (SP)","39252","5620","11294","3639","3050","1382","275","43","13950"
"Área 437 - São Paulo (SP)","37458","6005","11494","3509","1626","670","113","46","13994"
"Área 439 - São Paulo (SP)","28375","5095","7689","3510","1620","1033","126","45","9257"
"Área 440 - São Paulo (SP)","42782","6807","10985","4175","2950","2531","658","275","14402"
"Área 441 - São Paulo (SP)","24925","4746","7794","1599","799","255","23","-","9708"
"Área 442 - São Paulo (SP)","24443","4312","7868","1655","872","316","54","43","9323"
"Área 443 - São Paulo (SP)","26465","4746","7262","1284","426","100","27","26","12594"
"Área 444 - São Paulo (SP)","34334","5497","10407","2999","1780","553","33","-","13063"
"Área 446 - São Paulo (SP)","36126","5884","11722","3123","1768","442","41","41","13104"
"Área 447 - São Paulo (SP)","32459","5339","10394","2413","1513","357","23","-","12419"
"Área 449 - São Paulo (SP)","25788","3875","8745","2271","1457","739","-","57","8644"
"Área 450 - São Paulo (SP)","28072","4703","8583","2703","1492","647","52","-","9893"
"Área 451 - São Paulo (SP)","42679","6946","13078","4137","2002","508","191","92","15725"
"Área 454 - São Paulo (SP)","24520","3971","7766","2383","1784","588","136","108","7785"
"Área 455 - São Paulo (SP)","6925","1896","1570","393","198","65","17","6","2780"
"Área 456 - São Paulo (SP)","24462","3469","6665","1870","939","350","190","52","10926"
"Área 457 - São Paulo (SP)","30111","5179","8391","2546","813","408","26","17","12730"
"Área 458 - São Paulo (SP)","26741","4160","7179","2135","1162","309","54","28","11713"
"Área 459 - São Paulo (SP)","27644","5337","7174","1406","770","154","37","-","12765"
"Área 460 - São Paulo (SP)","24551","4406","7582","1896","1008","347","44","26","9242"
"Área 461 - São Paulo (SP)","27702","5756","8849","1837","906","266","-","25","10061"
"Área 462 - São Paulo (SP)","22721","2882","4990","2470","2485","2231","372","67","7223"
"Área 463 - São Paulo (SP)","25422","4754","7989","1851","1039","442","27","-","9320"
"Área 465 - São Paulo (SP)","30036","4680","9623","2444","1487","733","88","31","10951"
"Área 466 - São Paulo (SP)","25610","3064","4675","2648","3099","3341","878","279","7626"
"Área 467 - São Paulo (SP)","28619","4736","7773","2335","1359","641","155","65","11555"
"Área 468 - São Paulo (SP)","25153","2190","3907","3048","3436","4098","1884","383","6208"
"Área 001 - Curitiba (PR)","22319","2700","4903","2414","2490","1884","1075","668","6185"
"Área 002 - Curitiba (PR)","36331","1455","3584","2574","4738","6154","5412","4239","8176"
"Área 003 - Curitiba (PR)","16691","1005","2880","1940","2757","2582","1839","650","3039"
"Área 004 - Curitiba (PR)","26426","2586","5562","2865","3226","2521","831","594","8240"
"Área 005 - Curitiba (PR)","20241","1205","2242","1523","1975","4224","2999","1626","4448"
"Área 006 - Curitiba (PR)","22137","1525","2198","1726","2472","3853","3428","2125","4811"
"Área 007 - Curitiba (PR)","24090","3053","4840","2984","2507","2436","725","360","7187"
"Área 008 - Curitiba (PR)","27896","3074","5790","3419","3685","3727","1375","363","6463"
"Área 009 - Curitiba (PR)","32127","2557","5553","2902","4100","4877","2515","1673","7951"
"Área 010 - Curitiba (PR)","22267","2833","5499","2947","2568","2651","511","55","5203"
"Área 011 - Curitiba (PR)","28408","4299","7526","3600","3392","2154","528","289","6621"
"Área 012 - Curitiba (PR)","24712","2911","5664","2707","3272","2956","850","199","6153"
"Área 013 - Curitiba (PR)","21605","1760","3177","2236","2832","4151","2041","518","4890"
"Área 014 - Curitiba (PR)","34658","2622","4048","3212","4437","6859","3950","2233","7296"
"Área 015 - Curitiba (PR)","40183","4830","9771","4814","5164","4130","1184","422","9867"
"Área 016 - Curitiba (PR)","25721","3146","5364","3138","3108","2738","1709","371","6146"
"Área 017 - Curitiba (PR)","32309","3550","7197","3503","3889","3503","1990","832","7844"
"Área 018 - Curitiba (PR)","29018","4287","5569","3420","2924","4009","1373","774","6663"
"Área 019 - Curitiba (PR)","24102","2019","3285","2845","3049","3965","2364","684","5890"
"Área 020 - Curitiba (PR)","27211","5332","8584","2868","1578","1015","203","27","7604"
"Área 021 - Curitiba (PR)","26870","4043","7629","2998","2442","1523","540","157","7537"
"Área 022 - Curitiba (PR)","28626","3672","7508","4152","3371","2151","706","308","6758"
"Área 023 - Curitiba (PR)","30134","5156","9153","3671","2097","1585","361","189","7922"
"Área 024 - Curitiba (PR)","31608","3419","6926","3720","4205","3592","1428","618","7701"
"Área 025 - Curitiba (PR)","28318","4688","8131","4044","2444","1130","374","51","7456"
"Área 026 - Curitiba (PR)","28020","3832","6677","3071","3612","2770","1009","235","6814"
"Área 027 - Curitiba (PR)","24334","2669","4621","2994","3337","3306","1002","289","6116"
"Área 028 - Curitiba (PR)","25196","3255","7315","3639","2733","1448","361","75","6371"
"Área 029 - Curitiba (PR)","21599","2407","5008","3145","1709","1539","342","43","7406"
"Área 030 - Curitiba (PR)","21240","1009","1995","1463","2103","4131","2969","2773","4796"
"Área 031 - Curitiba (PR)","25919","1561","3255","2414","3649","5213","2581","1106","6141"
"Área 032 - Curitiba (PR)","27368","4264","7201","2844","2262","1691","454","382","8269"
"Área 033 - Curitiba (PR)","24409","2742","6117","2850","2964","2582","626","279","6250"
"Área 034 - Curitiba (PR)","22779","1988","3253","2418","2717","3005","1950","1804","5644"
"Área 035 - Curitiba (PR)","21664","2249","3362","2073","3116","3688","1741","634","4803"
"Área 036 - Curitiba (PR)","37832","3163","5654","4577","5627","6938","2404","883","8586"
"Área 037 - Curitiba (PR)","24983","2436","6102","3234","3278","2766","906","632","5629"
"Área 038 - Curitiba (PR)","24319","3361","6685","2815","2983","2139","226","83","6027"
"Área 039 - Curitiba (PR)","38850","4081","9600","4855","4575","4625","1360","381","9371"
"Área 040 - Curitiba (PR)","31915","3490","7482","4441","3899","3445","829","275","8055"
"Área 041 - Curitiba (PR)","43656","7641","14229","5293","2592","820","163","23","12896"
"Área 042 - Curitiba (PR)","24736","3897","7171","2643","1958","798","160","172","7936"
"Área 043 - Curitiba (PR)","23620","3828","7637","3527","1449","569","49","-","6561"
"Área 044 - Curitiba (PR)","39830","5418","11759","6236","3227","1770","383","47","10989"
"Área 045 - Curitiba (PR)","25323","3890","7800","3608","2172","739","106","22","6986"
"Área 046 - Curitiba (PR)","32967","4436","10675","4764","2720","1165","235","25","8948"
"Área 047 - Curitiba (PR)","43452","6290","11010","5483","4510","2791","587","195","12586"
"Área 048 - Curitiba (PR)","27664","4358","9397","3459","1501","580","173","43","8152"
"Área 049 - Curitiba (PR)","30353","4375","7779","4213","3144","1735","242","37","8828"
"Área 050 - Curitiba (PR)","37096","4611","11406","4954","3063","1256","290","237","11279"
"Área 051 - Curitiba (PR)","29188","3853","8556","3710","3370","1705","104","105","7785"
"Área 052 - Curitiba (PR)","23350","3412","6614","3070","2515","1375","210","85","6069"
"Área 053 - Curitiba (PR)","18829","1261","2971","2443","2817","3599","1390","835","3513"
"Área 054 - Curitiba (PR)","24528","3300","7173","3427","2507","1315","102","75","6630"
"Área 055 - Curitiba (PR)","22808","1902","4774","2746","3308","3143","854","257","5823"
"Fonte: IBGE - Censo Demográfico"

"Notas"
"1 - Dados da Amostra."
"2 - Para 2000: salário mínimo utilizado: R$ 151,00."
"3 - Para 2010: salário mínimo utilizado: R$ 510,00."
"4 - A categoria sem rendimento inclui as pessoas que  recebiam somente em benefícios."
""
"Legenda"
"Símbolo","Significado"
"-","Zero absoluto, não resultante de um cálculo ou arredondamento.
Ex: Em determinado município não existem pessoas de 14 anos de idade sem instrução."
"0","Zero resultante de um cálculo ou arredondamento.
Ex: A inflação do feijão em determinada Região Metropolitana foi 0.
Determinado município produziu 400 kg de sementes de girassol e os dados da tabela são expressos em toneladas."
"X","Valor inibido para não identificar o informante.
Ex: Determinado município só possui uma empresa produtora de cimento, logo o valor de sua produção deve ser inibido."
"..","Valor não se aplica.
Ex: Não se pode obter o total da produção agrícola em determinado município quando os produtos agrícolas são contabilizados com unidades de medida distintas."
"...","Valor não disponível.
Ex: A produção de feijão em determinado município não foi pesquisada ou determinado município não existia no ano da pesquisa."
"A a Z
(exceto X)","Significa uma faixa de valores. Varia em função da tabela (se for o caso).
Ex: O nível de precisão da produção estimada de combustíveis está na faixa A (95 a 100%)"
