ID,Estado,URL
1,ACRE,http://www.receita.fazenda.gov.br/Aplicacoes/ATBHE/UnidadesAtendimento/Unidades/InformacoesDasUnidades.aspx?unidade=02002
2,ACRE,http://www.receita.fazenda.gov.br/Aplicacoes/ATBHE/UnidadesAtendimento/Unidades/InformacoesDasUnidades.aspx?unidade=02005
3,ACRE,http://www.receita.fazenda.gov.br/Aplicacoes/ATBHE/UnidadesAtendimento/Unidades/InformacoesDasUnidades.aspx?unidade=02004
4,ACRE,http://www.receita.fazenda.gov.br/Aplicacoes/ATBHE/UnidadesAtendimento/Unidades/InformacoesDasUnidades.aspx?unidade=02003
5,ALAGOAS,http://www.receita.fazenda.gov.br/Aplicacoes/ATBHE/UnidadesAtendimento/Unidades/InformacoesDasUnidades.aspx?unidade=04049
6,ALAGOAS,http://www.receita.fazenda.gov.br/Aplicacoes/ATBHE/UnidadesAtendimento/Unidades/InformacoesDasUnidades.aspx?unidade=04012
7,ALAGOAS,http://www.receita.fazenda.gov.br/Aplicacoes/ATBHE/UnidadesAtendimento/Unidades/InformacoesDasUnidades.aspx?unidade=04044
8,ALAGOAS,http://www.receita.fazenda.gov.br/Aplicacoes/ATBHE/UnidadesAtendimento/Unidades/InformacoesDasUnidades.aspx?unidade=04048
9,ALAGOAS,http://www.receita.fazenda.gov.br/Aplicacoes/ATBHE/UnidadesAtendimento/Unidades/InformacoesDasUnidades.aspx?unidade=04047
10,ALAGOAS,http://www.receita.fazenda.gov.br/Aplicacoes/ATBHE/UnidadesAtendimento/Unidades/InformacoesDasUnidades.aspx?unidade=04046
11,AMAPÁ,http://www.receita.fazenda.gov.br/Aplicacoes/ATBHE/UnidadesAtendimento/Unidades/InformacoesDasUnidades.aspx?unidade=02019
12,AMAPÁ,http://www.receita.fazenda.gov.br/Aplicacoes/ATBHE/UnidadesAtendimento/Unidades/InformacoesDasUnidades.aspx?unidade=02025
13,AMAPÁ,http://www.receita.fazenda.gov.br/Aplicacoes/ATBHE/UnidadesAtendimento/Unidades/InformacoesDasUnidades.aspx?unidade=02036
14,AMAZONAS,http://www.receita.fazenda.gov.br/Aplicacoes/ATBHE/UnidadesAtendimento/Unidades/InformacoesDasUnidades.aspx?unidade=02503
15,AMAZONAS,http://www.receita.fazenda.gov.br/Aplicacoes/ATBHE/UnidadesAtendimento/Unidades/InformacoesDasUnidades.aspx?unidade=02502
16,AMAZONAS,http://www.receita.fazenda.gov.br/Aplicacoes/ATBHE/UnidadesAtendimento/Unidades/InformacoesDasUnidades.aspx?unidade=02044
17,AMAZONAS,http://www.receita.fazenda.gov.br/Aplicacoes/ATBHE/UnidadesAtendimento/Unidades/InformacoesDasUnidades.aspx?unidade=02044
18,AMAZONAS,http://www.receita.fazenda.gov.br/Aplicacoes/ATBHE/UnidadesAtendimento/Unidades/InformacoesDasUnidades.aspx?unidade=02051
19,AMAZONAS,http://www.receita.fazenda.gov.br/Aplicacoes/ATBHE/UnidadesAtendimento/Unidades/InformacoesDasUnidades.aspx?unidade=02045
20,AMAZONAS,http://www.receita.fazenda.gov.br/Aplicacoes/ATBHE/UnidadesAtendimento/Unidades/InformacoesDasUnidades.aspx?unidade=02015
21,AMAZONAS,http://www.receita.fazenda.gov.br/Aplicacoes/ATBHE/UnidadesAtendimento/Unidades/InformacoesDasUnidades.aspx?unidade=02041
22,AMAZONAS,http://www.receita.fazenda.gov.br/Aplicacoes/ATBHE/UnidadesAtendimento/Unidades/InformacoesDasUnidades.aspx?unidade=02042
23,AMAZONAS,http://www.receita.fazenda.gov.br/Aplicacoes/ATBHE/UnidadesAtendimento/Unidades/InformacoesDasUnidades.aspx?unidade=02046
24,AMAZONAS,http://www.receita.fazenda.gov.br/Aplicacoes/ATBHE/UnidadesAtendimento/Unidades/InformacoesDasUnidades.aspx?unidade=02048
25,AMAZONAS,http://www.receita.fazenda.gov.br/Aplicacoes/ATBHE/UnidadesAtendimento/Unidades/InformacoesDasUnidades.aspx?unidade=02047
26,BAHIA,http://www.receita.fazenda.gov.br/Aplicacoes/ATBHE/UnidadesAtendimento/Unidades/InformacoesDasUnidades.aspx?unidade=05047
27,BAHIA,http://www.receita.fazenda.gov.br/Aplicacoes/ATBHE/UnidadesAtendimento/Unidades/InformacoesDasUnidades.aspx?unidade=05032
28,BAHIA,http://www.receita.fazenda.gov.br/Aplicacoes/ATBHE/UnidadesAtendimento/Unidades/InformacoesDasUnidades.aspx?unidade=05023
29,BAHIA,http://www.receita.fazenda.gov.br/Aplicacoes/ATBHE/UnidadesAtendimento/Unidades/InformacoesDasUnidades.aspx?unidade=05045
30,BAHIA,http://www.receita.fazenda.gov.br/Aplicacoes/ATBHE/UnidadesAtendimento/Unidades/InformacoesDasUnidades.aspx?unidade=05042
31,BAHIA,http://www.receita.fazenda.gov.br/Aplicacoes/ATBHE/UnidadesAtendimento/Unidades/InformacoesDasUnidades.aspx?unidade=05002
32,BAHIA,http://www.receita.fazenda.gov.br/Aplicacoes/ATBHE/UnidadesAtendimento/Unidades/InformacoesDasUnidades.aspx?unidade=05024
33,BAHIA,http://www.receita.fazenda.gov.br/Aplicacoes/ATBHE/UnidadesAtendimento/Unidades/InformacoesDasUnidades.aspx?unidade=05038
34,BAHIA,http://www.receita.fazenda.gov.br/Aplicacoes/ATBHE/UnidadesAtendimento/Unidades/InformacoesDasUnidades.aspx?unidade=05007
35,BAHIA,http://www.receita.fazenda.gov.br/Aplicacoes/ATBHE/UnidadesAtendimento/Unidades/InformacoesDasUnidades.aspx?unidade=05043
36,BAHIA,http://www.receita.fazenda.gov.br/Aplicacoes/ATBHE/UnidadesAtendimento/Unidades/InformacoesDasUnidades.aspx?unidade=05031
37,BAHIA,http://www.receita.fazenda.gov.br/Aplicacoes/ATBHE/UnidadesAtendimento/Unidades/InformacoesDasUnidades.aspx?unidade=05011
38,BAHIA,http://www.receita.fazenda.gov.br/Aplicacoes/ATBHE/UnidadesAtendimento/Unidades/InformacoesDasUnidades.aspx?unidade=05035
39,BAHIA,http://www.receita.fazenda.gov.br/Aplicacoes/ATBHE/UnidadesAtendimento/Unidades/InformacoesDasUnidades.aspx?unidade=05025
40,BAHIA,http://www.receita.fazenda.gov.br/Aplicacoes/ATBHE/UnidadesAtendimento/Unidades/InformacoesDasUnidades.aspx?unidade=05026
41,BAHIA,http://www.receita.fazenda.gov.br/Aplicacoes/ATBHE/UnidadesAtendimento/Unidades/InformacoesDasUnidades.aspx?unidade=05010
42,BAHIA,http://www.receita.fazenda.gov.br/Aplicacoes/ATBHE/UnidadesAtendimento/Unidades/InformacoesDasUnidades.aspx?unidade=05037
43,BAHIA,http://www.receita.fazenda.gov.br/Aplicacoes/ATBHE/UnidadesAtendimento/Unidades/InformacoesDasUnidades.aspx?unidade=05041
44,BAHIA,http://www.receita.fazenda.gov.br/Aplicacoes/ATBHE/UnidadesAtendimento/Unidades/InformacoesDasUnidades.aspx?unidade=05018
45,BAHIA,http://www.receita.fazenda.gov.br/Aplicacoes/ATBHE/UnidadesAtendimento/Unidades/InformacoesDasUnidades.aspx?unidade=05040
46,BAHIA,http://www.receita.fazenda.gov.br/Aplicacoes/ATBHE/UnidadesAtendimento/Unidades/InformacoesDasUnidades.aspx?unidade=05020
47,BAHIA,http://www.receita.fazenda.gov.br/Aplicacoes/ATBHE/UnidadesAtendimento/Unidades/InformacoesDasUnidades.aspx?unidade=05046
48,BAHIA,http://www.receita.fazenda.gov.br/Aplicacoes/ATBHE/UnidadesAtendimento/Unidades/InformacoesDasUnidades.aspx?unidade=05027
49,BAHIA,http://www.receita.fazenda.gov.br/Aplicacoes/ATBHE/UnidadesAtendimento/Unidades/InformacoesDasUnidades.aspx?unidade=05021
50,BAHIA,http://www.receita.fazenda.gov.br/Aplicacoes/ATBHE/UnidadesAtendimento/Unidades/InformacoesDasUnidades.aspx?unidade=05034
51,BAHIA,http://www.receita.fazenda.gov.br/Aplicacoes/ATBHE/UnidadesAtendimento/Unidades/InformacoesDasUnidades.aspx?unidade=05028
52,BAHIA,http://www.receita.fazenda.gov.br/Aplicacoes/ATBHE/UnidadesAtendimento/Unidades/InformacoesDasUnidades.aspx?unidade=05001
53,BAHIA,http://www.receita.fazenda.gov.br/Aplicacoes/ATBHE/UnidadesAtendimento/Unidades/InformacoesDasUnidades.aspx?unidade=05044
54,BAHIA,http://www.receita.fazenda.gov.br/Aplicacoes/ATBHE/UnidadesAtendimento/Unidades/InformacoesDasUnidades.aspx?unidade=05004
55,BAHIA,http://www.receita.fazenda.gov.br/Aplicacoes/ATBHE/UnidadesAtendimento/Unidades/InformacoesDasUnidades.aspx?unidade=05004
56,BAHIA,http://www.receita.fazenda.gov.br/Aplicacoes/ATBHE/UnidadesAtendimento/Unidades/InformacoesDasUnidades.aspx?unidade=05022
57,BAHIA,http://www.receita.fazenda.gov.br/Aplicacoes/ATBHE/UnidadesAtendimento/Unidades/InformacoesDasUnidades.aspx?unidade=05030
58,BAHIA,http://www.receita.fazenda.gov.br/Aplicacoes/ATBHE/UnidadesAtendimento/Unidades/InformacoesDasUnidades.aspx?unidade=05029
59,BAHIA,http://www.receita.fazenda.gov.br/Aplicacoes/ATBHE/UnidadesAtendimento/Unidades/InformacoesDasUnidades.aspx?unidade=05036
60,BAHIA,http://www.receita.fazenda.gov.br/Aplicacoes/ATBHE/UnidadesAtendimento/Unidades/InformacoesDasUnidades.aspx?unidade=05005
61,BAHIA,http://www.receita.fazenda.gov.br/Aplicacoes/ATBHE/UnidadesAtendimento/Unidades/InformacoesDasUnidades.aspx?unidade=05008
62,CEARÁ,http://www.receita.fazenda.gov.br/Aplicacoes/ATBHE/UnidadesAtendimento/Unidades/InformacoesDasUnidades.aspx?unidade=03046
63,CEARÁ,http://www.receita.fazenda.gov.br/Aplicacoes/ATBHE/UnidadesAtendimento/Unidades/InformacoesDasUnidades.aspx?unidade=03028
64,CEARÁ,http://www.receita.fazenda.gov.br/Aplicacoes/ATBHE/UnidadesAtendimento/Unidades/InformacoesDasUnidades.aspx?unidade=03017
65,CEARÁ,http://www.receita.fazenda.gov.br/Aplicacoes/ATBHE/UnidadesAtendimento/Unidades/InformacoesDasUnidades.aspx?unidade=03018
66,CEARÁ,http://www.receita.fazenda.gov.br/Aplicacoes/ATBHE/UnidadesAtendimento/Unidades/InformacoesDasUnidades.aspx?unidade=03045
67,CEARÁ,http://www.receita.fazenda.gov.br/Aplicacoes/ATBHE/UnidadesAtendimento/Unidades/InformacoesDasUnidades.aspx?unidade=03040
68,CEARÁ,http://www.receita.fazenda.gov.br/Aplicacoes/ATBHE/UnidadesAtendimento/Unidades/InformacoesDasUnidades.aspx?unidade=03041
69,CEARÁ,http://www.receita.fazenda.gov.br/Aplicacoes/ATBHE/UnidadesAtendimento/Unidades/InformacoesDasUnidades.aspx?unidade=03029
70,CEARÁ,http://www.receita.fazenda.gov.br/Aplicacoes/ATBHE/UnidadesAtendimento/Unidades/InformacoesDasUnidades.aspx?unidade=03024
71,CEARÁ,http://www.receita.fazenda.gov.br/Aplicacoes/ATBHE/UnidadesAtendimento/Unidades/InformacoesDasUnidades.aspx?unidade=03010
72,CEARÁ,http://www.receita.fazenda.gov.br/Aplicacoes/ATBHE/UnidadesAtendimento/Unidades/InformacoesDasUnidades.aspx?unidade=03044
73,CEARÁ,http://www.receita.fazenda.gov.br/Aplicacoes/ATBHE/UnidadesAtendimento/Unidades/InformacoesDasUnidades.aspx?unidade=03026
74,CEARÁ,http://www.receita.fazenda.gov.br/Aplicacoes/ATBHE/UnidadesAtendimento/Unidades/InformacoesDasUnidades.aspx?unidade=03030
75,CEARÁ,http://www.receita.fazenda.gov.br/Aplicacoes/ATBHE/UnidadesAtendimento/Unidades/InformacoesDasUnidades.aspx?unidade=03016
76,CEARÁ,http://www.receita.fazenda.gov.br/Aplicacoes/ATBHE/UnidadesAtendimento/Unidades/InformacoesDasUnidades.aspx?unidade=03001
77,CEARÁ,http://www.receita.fazenda.gov.br/Aplicacoes/ATBHE/UnidadesAtendimento/Unidades/InformacoesDasUnidades.aspx?unidade=03020
78,CEARÁ,http://www.receita.fazenda.gov.br/Aplicacoes/ATBHE/UnidadesAtendimento/Unidades/InformacoesDasUnidades.aspx?unidade=03021
79,CEARÁ,http://www.receita.fazenda.gov.br/Aplicacoes/ATBHE/UnidadesAtendimento/Unidades/InformacoesDasUnidades.aspx?unidade=03023
80,CEARÁ,http://www.receita.fazenda.gov.br/Aplicacoes/ATBHE/UnidadesAtendimento/Unidades/InformacoesDasUnidades.aspx?unidade=03014
81,DISTRITO FEDERAL,http://www.receita.fazenda.gov.br/Aplicacoes/ATBHE/UnidadesAtendimento/Unidades/InformacoesDasUnidades.aspx?unidade=01002
82,DISTRITO FEDERAL,http://www.receita.fazenda.gov.br/Aplicacoes/ATBHE/UnidadesAtendimento/Unidades/InformacoesDasUnidades.aspx?unidade=01003
83,DISTRITO FEDERAL,http://www.receita.fazenda.gov.br/Aplicacoes/ATBHE/UnidadesAtendimento/Unidades/InformacoesDasUnidades.aspx?unidade=01058
84,ESPÍRITO SANTO,http://www.receita.fazenda.gov.br/Aplicacoes/ATBHE/UnidadesAtendimento/Unidades/InformacoesDasUnidades.aspx?unidade=07036
85,ESPÍRITO SANTO,http://www.receita.fazenda.gov.br/Aplicacoes/ATBHE/UnidadesAtendimento/Unidades/InformacoesDasUnidades.aspx?unidade=07038
86,ESPÍRITO SANTO,http://www.receita.fazenda.gov.br/Aplicacoes/ATBHE/UnidadesAtendimento/Unidades/InformacoesDasUnidades.aspx?unidade=07037
87,ESPÍRITO SANTO,http://www.receita.fazenda.gov.br/Aplicacoes/ATBHE/UnidadesAtendimento/Unidades/InformacoesDasUnidades.aspx?unidade=07002
88,ESPÍRITO SANTO,http://www.receita.fazenda.gov.br/Aplicacoes/ATBHE/UnidadesAtendimento/Unidades/InformacoesDasUnidades.aspx?unidade=07033
89,ESPÍRITO SANTO,http://www.receita.fazenda.gov.br/Aplicacoes/ATBHE/UnidadesAtendimento/Unidades/InformacoesDasUnidades.aspx?unidade=07034
90,ESPÍRITO SANTO,http://www.receita.fazenda.gov.br/Aplicacoes/ATBHE/UnidadesAtendimento/Unidades/InformacoesDasUnidades.aspx?unidade=07032
91,ESPÍRITO SANTO,http://www.receita.fazenda.gov.br/Aplicacoes/ATBHE/UnidadesAtendimento/Unidades/InformacoesDasUnidades.aspx?unidade=07045
92,GOIÁS,http://www.receita.fazenda.gov.br/Aplicacoes/ATBHE/UnidadesAtendimento/Unidades/InformacoesDasUnidades.aspx?unidade=01004
93,GOIÁS,http://www.receita.fazenda.gov.br/Aplicacoes/ATBHE/UnidadesAtendimento/Unidades/InformacoesDasUnidades.aspx?unidade=01049
94,GOIÁS,http://www.receita.fazenda.gov.br/Aplicacoes/ATBHE/UnidadesAtendimento/Unidades/InformacoesDasUnidades.aspx?unidade=01017
95,GOIÁS,http://www.receita.fazenda.gov.br/Aplicacoes/ATBHE/UnidadesAtendimento/Unidades/InformacoesDasUnidades.aspx?unidade=01039
96,GOIÁS,http://www.receita.fazenda.gov.br/Aplicacoes/ATBHE/UnidadesAtendimento/Unidades/InformacoesDasUnidades.aspx?unidade=01046
97,GOIÁS,http://www.receita.fazenda.gov.br/Aplicacoes/ATBHE/UnidadesAtendimento/Unidades/InformacoesDasUnidades.aspx?unidade=01018
98,GOIÁS,http://www.receita.fazenda.gov.br/Aplicacoes/ATBHE/UnidadesAtendimento/Unidades/InformacoesDasUnidades.aspx?unidade=01047
99,GOIÁS,http://www.receita.fazenda.gov.br/Aplicacoes/ATBHE/UnidadesAtendimento/Unidades/InformacoesDasUnidades.aspx?unidade=01009
100,GOIÁS,http://www.receita.fazenda.gov.br/Aplicacoes/ATBHE/UnidadesAtendimento/Unidades/InformacoesDasUnidades.aspx?unidade=01042
101,GOIÁS,http://www.receita.fazenda.gov.br/Aplicacoes/ATBHE/UnidadesAtendimento/Unidades/InformacoesDasUnidades.aspx?unidade=01043
102,GOIÁS,http://www.receita.fazenda.gov.br/Aplicacoes/ATBHE/UnidadesAtendimento/Unidades/InformacoesDasUnidades.aspx?unidade=01019
103,GOIÁS,http://www.receita.fazenda.gov.br/Aplicacoes/ATBHE/UnidadesAtendimento/Unidades/InformacoesDasUnidades.aspx?unidade=01014
104,GOIÁS,http://www.receita.fazenda.gov.br/Aplicacoes/ATBHE/UnidadesAtendimento/Unidades/InformacoesDasUnidades.aspx?unidade=01006
105,MARANHÃO,http://www.receita.fazenda.gov.br/Aplicacoes/ATBHE/UnidadesAtendimento/Unidades/InformacoesDasUnidades.aspx?unidade=03002
106,MARANHÃO,http://www.receita.fazenda.gov.br/Aplicacoes/ATBHE/UnidadesAtendimento/Unidades/InformacoesDasUnidades.aspx?unidade=03032
107,MARANHÃO,http://www.receita.fazenda.gov.br/Aplicacoes/ATBHE/UnidadesAtendimento/Unidades/InformacoesDasUnidades.aspx?unidade=03033
108,MARANHÃO,http://www.receita.fazenda.gov.br/Aplicacoes/ATBHE/UnidadesAtendimento/Unidades/InformacoesDasUnidades.aspx?unidade=03008
109,MARANHÃO,http://www.receita.fazenda.gov.br/Aplicacoes/ATBHE/UnidadesAtendimento/Unidades/InformacoesDasUnidades.aspx?unidade=03042
110,MARANHÃO,http://www.receita.fazenda.gov.br/Aplicacoes/ATBHE/UnidadesAtendimento/Unidades/InformacoesDasUnidades.aspx?unidade=03006
111,MARANHÃO,http://www.receita.fazenda.gov.br/Aplicacoes/ATBHE/UnidadesAtendimento/Unidades/InformacoesDasUnidades.aspx?unidade=03013
112,MARANHÃO,http://www.receita.fazenda.gov.br/Aplicacoes/ATBHE/UnidadesAtendimento/Unidades/InformacoesDasUnidades.aspx?unidade=03004
113,MARANHÃO,http://www.receita.fazenda.gov.br/Aplicacoes/ATBHE/UnidadesAtendimento/Unidades/InformacoesDasUnidades.aspx?unidade=03007
114,MARANHÃO,http://www.receita.fazenda.gov.br/Aplicacoes/ATBHE/UnidadesAtendimento/Unidades/InformacoesDasUnidades.aspx?unidade=03005
115,MARANHÃO,http://www.receita.fazenda.gov.br/Aplicacoes/ATBHE/UnidadesAtendimento/Unidades/InformacoesDasUnidades.aspx?unidade=03009
116,MATO GROSSO,http://www.receita.fazenda.gov.br/Aplicacoes/ATBHE/UnidadesAtendimento/Unidades/InformacoesDasUnidades.aspx?unidade=01023
117,MATO GROSSO,http://www.receita.fazenda.gov.br/Aplicacoes/ATBHE/UnidadesAtendimento/Unidades/InformacoesDasUnidades.aspx?unidade=01011
118,MATO GROSSO,http://www.receita.fazenda.gov.br/Aplicacoes/ATBHE/UnidadesAtendimento/Unidades/InformacoesDasUnidades.aspx?unidade=01025
119,MATO GROSSO,http://www.receita.fazenda.gov.br/Aplicacoes/ATBHE/UnidadesAtendimento/Unidades/InformacoesDasUnidades.aspx?unidade=01010
120,MATO GROSSO,http://www.receita.fazenda.gov.br/Aplicacoes/ATBHE/UnidadesAtendimento/Unidades/InformacoesDasUnidades.aspx?unidade=01026
121,MATO GROSSO,http://www.receita.fazenda.gov.br/Aplicacoes/ATBHE/UnidadesAtendimento/Unidades/InformacoesDasUnidades.aspx?unidade=01027
122,MATO GROSSO,http://www.receita.fazenda.gov.br/Aplicacoes/ATBHE/UnidadesAtendimento/Unidades/InformacoesDasUnidades.aspx?unidade=01008
123,MATO GROSSO,http://www.receita.fazenda.gov.br/Aplicacoes/ATBHE/UnidadesAtendimento/Unidades/InformacoesDasUnidades.aspx?unidade=01048
124,MATO GROSSO DO SUL,http://www.receita.fazenda.gov.br/Aplicacoes/ATBHE/UnidadesAtendimento/Unidades/InformacoesDasUnidades.aspx?unidade=01030
125,MATO GROSSO DO SUL,http://www.receita.fazenda.gov.br/Aplicacoes/ATBHE/UnidadesAtendimento/Unidades/InformacoesDasUnidades.aspx?unidade=01055
126,MATO GROSSO DO SUL,http://www.receita.fazenda.gov.br/Aplicacoes/ATBHE/UnidadesAtendimento/Unidades/InformacoesDasUnidades.aspx?unidade=01015
127,MATO GROSSO DO SUL,http://www.receita.fazenda.gov.br/Aplicacoes/ATBHE/UnidadesAtendimento/Unidades/InformacoesDasUnidades.aspx?unidade=01059
128,MATO GROSSO DO SUL,http://www.receita.fazenda.gov.br/Aplicacoes/ATBHE/UnidadesAtendimento/Unidades/InformacoesDasUnidades.aspx?unidade=01005
129,MATO GROSSO DO SUL,http://www.receita.fazenda.gov.br/Aplicacoes/ATBHE/UnidadesAtendimento/Unidades/InformacoesDasUnidades.aspx?unidade=01052
130,MATO GROSSO DO SUL,http://www.receita.fazenda.gov.br/Aplicacoes/ATBHE/UnidadesAtendimento/Unidades/InformacoesDasUnidades.aspx?unidade=01051
131,MATO GROSSO DO SUL,http://www.receita.fazenda.gov.br/Aplicacoes/ATBHE/UnidadesAtendimento/Unidades/InformacoesDasUnidades.aspx?unidade=01013
132,MATO GROSSO DO SUL,http://www.receita.fazenda.gov.br/Aplicacoes/ATBHE/UnidadesAtendimento/Unidades/InformacoesDasUnidades.aspx?unidade=01022
133,MATO GROSSO DO SUL,http://www.receita.fazenda.gov.br/Aplicacoes/ATBHE/UnidadesAtendimento/Unidades/InformacoesDasUnidades.aspx?unidade=01050
134,MATO GROSSO DO SUL,http://www.receita.fazenda.gov.br/Aplicacoes/ATBHE/UnidadesAtendimento/Unidades/InformacoesDasUnidades.aspx?unidade=01034
135,MATO GROSSO DO SUL,http://www.receita.fazenda.gov.br/Aplicacoes/ATBHE/UnidadesAtendimento/Unidades/InformacoesDasUnidades.aspx?unidade=01053
136,MATO GROSSO DO SUL,http://www.receita.fazenda.gov.br/Aplicacoes/ATBHE/UnidadesAtendimento/Unidades/InformacoesDasUnidades.aspx?unidade=01057
137,MATO GROSSO DO SUL,http://www.receita.fazenda.gov.br/Aplicacoes/ATBHE/UnidadesAtendimento/Unidades/InformacoesDasUnidades.aspx?unidade=01054
138,MINAS GERAIS,http://www.receita.fazenda.gov.br/Aplicacoes/ATBHE/UnidadesAtendimento/Unidades/InformacoesDasUnidades.aspx?unidade=06021
139,MINAS GERAIS,http://www.receita.fazenda.gov.br/Aplicacoes/ATBHE/UnidadesAtendimento/Unidades/InformacoesDasUnidades.aspx?unidade=06022
140,MINAS GERAIS,http://www.receita.fazenda.gov.br/Aplicacoes/ATBHE/UnidadesAtendimento/Unidades/InformacoesDasUnidades.aspx?unidade=06054
141,MINAS GERAIS,http://www.receita.fazenda.gov.br/Aplicacoes/ATBHE/UnidadesAtendimento/Unidades/InformacoesDasUnidades.aspx?unidade=06023
142,MINAS GERAIS,http://www.receita.fazenda.gov.br/Aplicacoes/ATBHE/UnidadesAtendimento/Unidades/InformacoesDasUnidades.aspx?unidade=06024
143,MINAS GERAIS,http://www.receita.fazenda.gov.br/Aplicacoes/ATBHE/UnidadesAtendimento/Unidades/InformacoesDasUnidades.aspx?unidade=06051
144,MINAS GERAIS,http://www.receita.fazenda.gov.br/Aplicacoes/ATBHE/UnidadesAtendimento/Unidades/InformacoesDasUnidades.aspx?unidade=06003
145,MINAS GERAIS,http://www.receita.fazenda.gov.br/Aplicacoes/ATBHE/UnidadesAtendimento/Unidades/InformacoesDasUnidades.aspx?unidade=06004
146,MINAS GERAIS,http://www.receita.fazenda.gov.br/Aplicacoes/ATBHE/UnidadesAtendimento/Unidades/InformacoesDasUnidades.aspx?unidade=06025
147,MINAS GERAIS,http://www.receita.fazenda.gov.br/Aplicacoes/ATBHE/UnidadesAtendimento/Unidades/InformacoesDasUnidades.aspx?unidade=06026
148,MINAS GERAIS,http://www.receita.fazenda.gov.br/Aplicacoes/ATBHE/UnidadesAtendimento/Unidades/InformacoesDasUnidades.aspx?unidade=06027
149,MINAS GERAIS,http://www.receita.fazenda.gov.br/Aplicacoes/ATBHE/UnidadesAtendimento/Unidades/InformacoesDasUnidades.aspx?unidade=06050
150,MINAS GERAIS,http://www.receita.fazenda.gov.br/Aplicacoes/ATBHE/UnidadesAtendimento/Unidades/InformacoesDasUnidades.aspx?unidade=06020
151,MINAS GERAIS,http://www.receita.fazenda.gov.br/Aplicacoes/ATBHE/UnidadesAtendimento/Unidades/InformacoesDasUnidades.aspx?unidade=06002
152,MINAS GERAIS,http://www.receita.fazenda.gov.br/Aplicacoes/ATBHE/UnidadesAtendimento/Unidades/InformacoesDasUnidades.aspx?unidade=06057
153,MINAS GERAIS,http://www.receita.fazenda.gov.br/Aplicacoes/ATBHE/UnidadesAtendimento/Unidades/InformacoesDasUnidades.aspx?unidade=06011
154,MINAS GERAIS,http://www.receita.fazenda.gov.br/Aplicacoes/ATBHE/UnidadesAtendimento/Unidades/InformacoesDasUnidades.aspx?unidade=06029
155,MINAS GERAIS,http://www.receita.fazenda.gov.br/Aplicacoes/ATBHE/UnidadesAtendimento/Unidades/InformacoesDasUnidades.aspx?unidade=06010
156,MINAS GERAIS,http://www.receita.fazenda.gov.br/Aplicacoes/ATBHE/UnidadesAtendimento/Unidades/InformacoesDasUnidades.aspx?unidade=06010
157,MINAS GERAIS,http://www.receita.fazenda.gov.br/Aplicacoes/ATBHE/UnidadesAtendimento/Unidades/InformacoesDasUnidades.aspx?unidade=06030
158,MINAS GERAIS,http://www.receita.fazenda.gov.br/Aplicacoes/ATBHE/UnidadesAtendimento/Unidades/InformacoesDasUnidades.aspx?unidade=06049
159,MINAS GERAIS,http://www.receita.fazenda.gov.br/Aplicacoes/ATBHE/UnidadesAtendimento/Unidades/InformacoesDasUnidades.aspx?unidade=06012
160,MINAS GERAIS,http://www.receita.fazenda.gov.br/Aplicacoes/ATBHE/UnidadesAtendimento/Unidades/InformacoesDasUnidades.aspx?unidade=06028
161,MINAS GERAIS,http://www.receita.fazenda.gov.br/Aplicacoes/ATBHE/UnidadesAtendimento/Unidades/InformacoesDasUnidades.aspx?unidade=06059
162,MINAS GERAIS,http://www.receita.fazenda.gov.br/Aplicacoes/ATBHE/UnidadesAtendimento/Unidades/InformacoesDasUnidades.aspx?unidade=06031
163,MINAS GERAIS,http://www.receita.fazenda.gov.br/Aplicacoes/ATBHE/UnidadesAtendimento/Unidades/InformacoesDasUnidades.aspx?unidade=06032
164,MINAS GERAIS,http://www.receita.fazenda.gov.br/Aplicacoes/ATBHE/UnidadesAtendimento/Unidades/InformacoesDasUnidades.aspx?unidade=06005
165,MINAS GERAIS,http://www.receita.fazenda.gov.br/Aplicacoes/ATBHE/UnidadesAtendimento/Unidades/InformacoesDasUnidades.aspx?unidade=06034
166,MINAS GERAIS,http://www.receita.fazenda.gov.br/Aplicacoes/ATBHE/UnidadesAtendimento/Unidades/InformacoesDasUnidades.aspx?unidade=06035
167,MINAS GERAIS,http://www.receita.fazenda.gov.br/Aplicacoes/ATBHE/UnidadesAtendimento/Unidades/InformacoesDasUnidades.aspx?unidade=06009
168,MINAS GERAIS,http://www.receita.fazenda.gov.br/Aplicacoes/ATBHE/UnidadesAtendimento/Unidades/InformacoesDasUnidades.aspx?unidade=06061
169,MINAS GERAIS,http://www.receita.fazenda.gov.br/Aplicacoes/ATBHE/UnidadesAtendimento/Unidades/InformacoesDasUnidades.aspx?unidade=06030
170,MINAS GERAIS,http://www.receita.fazenda.gov.br/Aplicacoes/ATBHE/UnidadesAtendimento/Unidades/InformacoesDasUnidades.aspx?unidade=06036
171,MINAS GERAIS,http://www.receita.fazenda.gov.br/Aplicacoes/ATBHE/UnidadesAtendimento/Unidades/InformacoesDasUnidades.aspx?unidade=06061
172,MINAS GERAIS,http://www.receita.fazenda.gov.br/Aplicacoes/ATBHE/UnidadesAtendimento/Unidades/InformacoesDasUnidades.aspx?unidade=06062
173,MINAS GERAIS,http://www.receita.fazenda.gov.br/Aplicacoes/ATBHE/UnidadesAtendimento/Unidades/InformacoesDasUnidades.aspx?unidade=06037
174,MINAS GERAIS,http://www.receita.fazenda.gov.br/Aplicacoes/ATBHE/UnidadesAtendimento/Unidades/InformacoesDasUnidades.aspx?unidade=06014
175,MINAS GERAIS,http://www.receita.fazenda.gov.br/Aplicacoes/ATBHE/UnidadesAtendimento/Unidades/InformacoesDasUnidades.aspx?unidade=06052
176,MINAS GERAIS,http://www.receita.fazenda.gov.br/Aplicacoes/ATBHE/UnidadesAtendimento/Unidades/InformacoesDasUnidades.aspx?unidade=06038
177,MINAS GERAIS,http://www.receita.fazenda.gov.br/Aplicacoes/ATBHE/UnidadesAtendimento/Unidades/InformacoesDasUnidades.aspx?unidade=06039
178,MINAS GERAIS,http://www.receita.fazenda.gov.br/Aplicacoes/ATBHE/UnidadesAtendimento/Unidades/InformacoesDasUnidades.aspx?unidade=06040
179,MINAS GERAIS,http://www.receita.fazenda.gov.br/Aplicacoes/ATBHE/UnidadesAtendimento/Unidades/InformacoesDasUnidades.aspx?unidade=06008
180,MINAS GERAIS,http://www.receita.fazenda.gov.br/Aplicacoes/ATBHE/UnidadesAtendimento/Unidades/InformacoesDasUnidades.aspx?unidade=06041
181,MINAS GERAIS,http://www.receita.fazenda.gov.br/Aplicacoes/ATBHE/UnidadesAtendimento/Unidades/InformacoesDasUnidades.aspx?unidade=06042
182,MINAS GERAIS,http://www.receita.fazenda.gov.br/Aplicacoes/ATBHE/UnidadesAtendimento/Unidades/InformacoesDasUnidades.aspx?unidade=06006
183,MINAS GERAIS,http://www.receita.fazenda.gov.br/Aplicacoes/ATBHE/UnidadesAtendimento/Unidades/InformacoesDasUnidades.aspx?unidade=06053
184,MINAS GERAIS,http://www.receita.fazenda.gov.br/Aplicacoes/ATBHE/UnidadesAtendimento/Unidades/InformacoesDasUnidades.aspx?unidade=06017
185,MINAS GERAIS,http://www.receita.fazenda.gov.br/Aplicacoes/ATBHE/UnidadesAtendimento/Unidades/InformacoesDasUnidades.aspx?unidade=06019
186,MINAS GERAIS,http://www.receita.fazenda.gov.br/Aplicacoes/ATBHE/UnidadesAtendimento/Unidades/InformacoesDasUnidades.aspx?unidade=06047
187,MINAS GERAIS,http://www.receita.fazenda.gov.br/Aplicacoes/ATBHE/UnidadesAtendimento/Unidades/InformacoesDasUnidades.aspx?unidade=06007
188,MINAS GERAIS,http://www.receita.fazenda.gov.br/Aplicacoes/ATBHE/UnidadesAtendimento/Unidades/InformacoesDasUnidades.aspx?unidade=06048
189,MINAS GERAIS,http://www.receita.fazenda.gov.br/Aplicacoes/ATBHE/UnidadesAtendimento/Unidades/InformacoesDasUnidades.aspx?unidade=06046
190,MINAS GERAIS,http://www.receita.fazenda.gov.br/Aplicacoes/ATBHE/UnidadesAtendimento/Unidades/InformacoesDasUnidades.aspx?unidade=06001
191,MINAS GERAIS,http://www.receita.fazenda.gov.br/Aplicacoes/ATBHE/UnidadesAtendimento/Unidades/InformacoesDasUnidades.aspx?unidade=06043
192,MINAS GERAIS,http://www.receita.fazenda.gov.br/Aplicacoes/ATBHE/UnidadesAtendimento/Unidades/InformacoesDasUnidades.aspx?unidade=06018
193,MINAS GERAIS,http://www.receita.fazenda.gov.br/Aplicacoes/ATBHE/UnidadesAtendimento/Unidades/InformacoesDasUnidades.aspx?unidade=06013
194,MINAS GERAIS,http://www.receita.fazenda.gov.br/Aplicacoes/ATBHE/UnidadesAtendimento/Unidades/InformacoesDasUnidades.aspx?unidade=06015
195,MINAS GERAIS,http://www.receita.fazenda.gov.br/Aplicacoes/ATBHE/UnidadesAtendimento/Unidades/InformacoesDasUnidades.aspx?unidade=06008
196,MINAS GERAIS,http://www.receita.fazenda.gov.br/Aplicacoes/ATBHE/UnidadesAtendimento/Unidades/InformacoesDasUnidades.aspx?unidade=06063
197,PARÁ,http://www.receita.fazenda.gov.br/Aplicacoes/ATBHE/UnidadesAtendimento/Unidades/InformacoesDasUnidades.aspx?unidade=02505
198,PARÁ,http://www.receita.fazenda.gov.br/Aplicacoes/ATBHE/UnidadesAtendimento/Unidades/InformacoesDasUnidades.aspx?unidade=02506
199,PARÁ,http://www.receita.fazenda.gov.br/Aplicacoes/ATBHE/UnidadesAtendimento/Unidades/InformacoesDasUnidades.aspx?unidade=02507
200,PARÁ,http://www.receita.fazenda.gov.br/Aplicacoes/ATBHE/UnidadesAtendimento/Unidades/InformacoesDasUnidades.aspx?unidade=02021
201,PARÁ,http://www.receita.fazenda.gov.br/Aplicacoes/ATBHE/UnidadesAtendimento/Unidades/InformacoesDasUnidades.aspx?unidade=02031
202,PARÁ,http://www.receita.fazenda.gov.br/Aplicacoes/ATBHE/UnidadesAtendimento/Unidades/InformacoesDasUnidades.aspx?unidade=02026
203,PARÁ,http://www.receita.fazenda.gov.br/Aplicacoes/ATBHE/UnidadesAtendimento/Unidades/InformacoesDasUnidades.aspx?unidade=02017
204,PARÁ,http://www.receita.fazenda.gov.br/Aplicacoes/ATBHE/UnidadesAtendimento/Unidades/InformacoesDasUnidades.aspx?unidade=02038
205,PARÁ,http://www.receita.fazenda.gov.br/Aplicacoes/ATBHE/UnidadesAtendimento/Unidades/InformacoesDasUnidades.aspx?unidade=02022
206,PARÁ,http://www.receita.fazenda.gov.br/Aplicacoes/ATBHE/UnidadesAtendimento/Unidades/InformacoesDasUnidades.aspx?unidade=02032
207,PARÁ,http://www.receita.fazenda.gov.br/Aplicacoes/ATBHE/UnidadesAtendimento/Unidades/InformacoesDasUnidades.aspx?unidade=02014
208,PARÁ,http://www.receita.fazenda.gov.br/Aplicacoes/ATBHE/UnidadesAtendimento/Unidades/InformacoesDasUnidades.aspx?unidade=02050
209,PARÁ,http://www.receita.fazenda.gov.br/Aplicacoes/ATBHE/UnidadesAtendimento/Unidades/InformacoesDasUnidades.aspx?unidade=02035
210,PARÁ,http://www.receita.fazenda.gov.br/Aplicacoes/ATBHE/UnidadesAtendimento/Unidades/InformacoesDasUnidades.aspx?unidade=02034
211,PARÁ,http://www.receita.fazenda.gov.br/Aplicacoes/ATBHE/UnidadesAtendimento/Unidades/InformacoesDasUnidades.aspx?unidade=02023
212,PARÁ,http://www.receita.fazenda.gov.br/Aplicacoes/ATBHE/UnidadesAtendimento/Unidades/InformacoesDasUnidades.aspx?unidade=02029
213,PARÁ,http://www.receita.fazenda.gov.br/Aplicacoes/ATBHE/UnidadesAtendimento/Unidades/InformacoesDasUnidades.aspx?unidade=02018
214,PARÁ,http://www.receita.fazenda.gov.br/Aplicacoes/ATBHE/UnidadesAtendimento/Unidades/InformacoesDasUnidades.aspx?unidade=02027
215,PARÁ,http://www.receita.fazenda.gov.br/Aplicacoes/ATBHE/UnidadesAtendimento/Unidades/InformacoesDasUnidades.aspx?unidade=02028
216,PARAÍBA,http://www.receita.fazenda.gov.br/Aplicacoes/ATBHE/UnidadesAtendimento/Unidades/InformacoesDasUnidades.aspx?unidade=04029
217,PARAÍBA,http://www.receita.fazenda.gov.br/Aplicacoes/ATBHE/UnidadesAtendimento/Unidades/InformacoesDasUnidades.aspx?unidade=04029
218,PARAÍBA,http://www.receita.fazenda.gov.br/Aplicacoes/ATBHE/UnidadesAtendimento/Unidades/InformacoesDasUnidades.aspx?unidade=04029
219,PARAÍBA,http://www.receita.fazenda.gov.br/Aplicacoes/ATBHE/UnidadesAtendimento/Unidades/InformacoesDasUnidades.aspx?unidade=04010
220,PARAÍBA,http://www.receita.fazenda.gov.br/Aplicacoes/ATBHE/UnidadesAtendimento/Unidades/InformacoesDasUnidades.aspx?unidade=04029
221,PARAÍBA,http://www.receita.fazenda.gov.br/Aplicacoes/ATBHE/UnidadesAtendimento/Unidades/InformacoesDasUnidades.aspx?unidade=04027
222,PARAÍBA,http://www.receita.fazenda.gov.br/Aplicacoes/ATBHE/UnidadesAtendimento/Unidades/InformacoesDasUnidades.aspx?unidade=04029
223,PARAÍBA,http://www.receita.fazenda.gov.br/Aplicacoes/ATBHE/UnidadesAtendimento/Unidades/InformacoesDasUnidades.aspx?unidade=04016
224,PARAÍBA,http://www.receita.fazenda.gov.br/Aplicacoes/ATBHE/UnidadesAtendimento/Unidades/InformacoesDasUnidades.aspx?unidade=04029
225,PARAÍBA,http://www.receita.fazenda.gov.br/Aplicacoes/ATBHE/UnidadesAtendimento/Unidades/InformacoesDasUnidades.aspx?unidade=04015
226,PARAÍBA,http://www.receita.fazenda.gov.br/Aplicacoes/ATBHE/UnidadesAtendimento/Unidades/InformacoesDasUnidades.aspx?unidade=04029
227,PARAÍBA,http://www.receita.fazenda.gov.br/Aplicacoes/ATBHE/UnidadesAtendimento/Unidades/InformacoesDasUnidades.aspx?unidade=04008
228,PARAÍBA,http://www.receita.fazenda.gov.br/Aplicacoes/ATBHE/UnidadesAtendimento/Unidades/InformacoesDasUnidades.aspx?unidade=04029
229,PARAÍBA,http://www.receita.fazenda.gov.br/Aplicacoes/ATBHE/UnidadesAtendimento/Unidades/InformacoesDasUnidades.aspx?unidade=04032
230,PARAÍBA,http://www.receita.fazenda.gov.br/Aplicacoes/ATBHE/UnidadesAtendimento/Unidades/InformacoesDasUnidades.aspx?unidade=04029
231,PARAÍBA,http://www.receita.fazenda.gov.br/Aplicacoes/ATBHE/UnidadesAtendimento/Unidades/InformacoesDasUnidades.aspx?unidade=04026
232,PARAÍBA,http://www.receita.fazenda.gov.br/Aplicacoes/ATBHE/UnidadesAtendimento/Unidades/InformacoesDasUnidades.aspx?unidade=04029
233,PARAÍBA,http://www.receita.fazenda.gov.br/Aplicacoes/ATBHE/UnidadesAtendimento/Unidades/InformacoesDasUnidades.aspx?unidade=04036
234,PARANÁ,http://www.receita.fazenda.gov.br/Aplicacoes/ATBHE/UnidadesAtendimento/Unidades/InformacoesDasUnidades.aspx?unidade=09056
235,PARANÁ,http://www.receita.fazenda.gov.br/Aplicacoes/ATBHE/UnidadesAtendimento/Unidades/InformacoesDasUnidades.aspx?unidade=09057
236,PARANÁ,http://www.receita.fazenda.gov.br/Aplicacoes/ATBHE/UnidadesAtendimento/Unidades/InformacoesDasUnidades.aspx?unidade=09030
237,PARANÁ,http://www.receita.fazenda.gov.br/Aplicacoes/ATBHE/UnidadesAtendimento/Unidades/InformacoesDasUnidades.aspx?unidade=09051
238,PARANÁ,http://www.receita.fazenda.gov.br/Aplicacoes/ATBHE/UnidadesAtendimento/Unidades/InformacoesDasUnidades.aspx?unidade=09009
239,PARANÁ,http://www.receita.fazenda.gov.br/Aplicacoes/ATBHE/UnidadesAtendimento/Unidades/InformacoesDasUnidades.aspx?unidade=09024
240,PARANÁ,http://www.receita.fazenda.gov.br/Aplicacoes/ATBHE/UnidadesAtendimento/Unidades/InformacoesDasUnidades.aspx?unidade=09059
241,PARANÁ,http://www.receita.fazenda.gov.br/Aplicacoes/ATBHE/UnidadesAtendimento/Unidades/InformacoesDasUnidades.aspx?unidade=09022
242,PARANÁ,http://www.receita.fazenda.gov.br/Aplicacoes/ATBHE/UnidadesAtendimento/Unidades/InformacoesDasUnidades.aspx?unidade=09003
243,PARANÁ,http://www.receita.fazenda.gov.br/Aplicacoes/ATBHE/UnidadesAtendimento/Unidades/InformacoesDasUnidades.aspx?unidade=09045
244,PARANÁ,http://www.receita.fazenda.gov.br/Aplicacoes/ATBHE/UnidadesAtendimento/Unidades/InformacoesDasUnidades.aspx?unidade=09054
245,PARANÁ,http://www.receita.fazenda.gov.br/Aplicacoes/ATBHE/UnidadesAtendimento/Unidades/InformacoesDasUnidades.aspx?unidade=09010
246,PARANÁ,http://www.receita.fazenda.gov.br/Aplicacoes/ATBHE/UnidadesAtendimento/Unidades/InformacoesDasUnidades.aspx?unidade=09012
247,PARANÁ,http://www.receita.fazenda.gov.br/Aplicacoes/ATBHE/UnidadesAtendimento/Unidades/InformacoesDasUnidades.aspx?unidade=09048
248,PARANÁ,http://www.receita.fazenda.gov.br/Aplicacoes/ATBHE/UnidadesAtendimento/Unidades/InformacoesDasUnidades.aspx?unidade=09011
249,PARANÁ,http://www.receita.fazenda.gov.br/Aplicacoes/ATBHE/UnidadesAtendimento/Unidades/InformacoesDasUnidades.aspx?unidade=09060
250,PARANÁ,http://www.receita.fazenda.gov.br/Aplicacoes/ATBHE/UnidadesAtendimento/Unidades/InformacoesDasUnidades.aspx?unidade=09025
251,PARANÁ,http://www.receita.fazenda.gov.br/Aplicacoes/ATBHE/UnidadesAtendimento/Unidades/InformacoesDasUnidades.aspx?unidade=09046
252,PARANÁ,http://www.receita.fazenda.gov.br/Aplicacoes/ATBHE/UnidadesAtendimento/Unidades/InformacoesDasUnidades.aspx?unidade=09026
253,PARANÁ,http://www.receita.fazenda.gov.br/Aplicacoes/ATBHE/UnidadesAtendimento/Unidades/InformacoesDasUnidades.aspx?unidade=09005
254,PARANÁ,http://www.receita.fazenda.gov.br/Aplicacoes/ATBHE/UnidadesAtendimento/Unidades/InformacoesDasUnidades.aspx?unidade=09053
255,PARANÁ,http://www.receita.fazenda.gov.br/Aplicacoes/ATBHE/UnidadesAtendimento/Unidades/InformacoesDasUnidades.aspx?unidade=09006
256,PARANÁ,http://www.receita.fazenda.gov.br/Aplicacoes/ATBHE/UnidadesAtendimento/Unidades/InformacoesDasUnidades.aspx?unidade=09052
257,PARANÁ,http://www.receita.fazenda.gov.br/Aplicacoes/ATBHE/UnidadesAtendimento/Unidades/InformacoesDasUnidades.aspx?unidade=09027
258,PARANÁ,http://www.receita.fazenda.gov.br/Aplicacoes/ATBHE/UnidadesAtendimento/Unidades/InformacoesDasUnidades.aspx?unidade=09049
259,PARANÁ,http://www.receita.fazenda.gov.br/Aplicacoes/ATBHE/UnidadesAtendimento/Unidades/InformacoesDasUnidades.aspx?unidade=09007
260,PARANÁ,http://www.receita.fazenda.gov.br/Aplicacoes/ATBHE/UnidadesAtendimento/Unidades/InformacoesDasUnidades.aspx?unidade=09063
261,PARANÁ,http://www.receita.fazenda.gov.br/Aplicacoes/ATBHE/UnidadesAtendimento/Unidades/InformacoesDasUnidades.aspx?unidade=09055
262,PARANÁ,http://www.receita.fazenda.gov.br/Aplicacoes/ATBHE/UnidadesAtendimento/Unidades/InformacoesDasUnidades.aspx?unidade=09073
263,PARANÁ,http://www.receita.fazenda.gov.br/Aplicacoes/ATBHE/UnidadesAtendimento/Unidades/InformacoesDasUnidades.aspx?unidade=09047
264,PARANÁ,http://www.receita.fazenda.gov.br/Aplicacoes/ATBHE/UnidadesAtendimento/Unidades/InformacoesDasUnidades.aspx?unidade=09028
265,PARANÁ,http://www.receita.fazenda.gov.br/Aplicacoes/ATBHE/UnidadesAtendimento/Unidades/InformacoesDasUnidades.aspx?unidade=09013
266,PARANÁ,http://www.receita.fazenda.gov.br/Aplicacoes/ATBHE/UnidadesAtendimento/Unidades/InformacoesDasUnidades.aspx?unidade=09077
267,PARANÁ,http://www.receita.fazenda.gov.br/Aplicacoes/ATBHE/UnidadesAtendimento/Unidades/InformacoesDasUnidades.aspx?unidade=09068
268,PERNAMBUCO,http://www.receita.fazenda.gov.br/Aplicacoes/ATBHE/UnidadesAtendimento/Unidades/InformacoesDasUnidades.aspx?unidade=04057
269,PERNAMBUCO,http://www.receita.fazenda.gov.br/Aplicacoes/ATBHE/UnidadesAtendimento/Unidades/InformacoesDasUnidades.aspx?unidade=04028
270,PERNAMBUCO,http://www.receita.fazenda.gov.br/Aplicacoes/ATBHE/UnidadesAtendimento/Unidades/InformacoesDasUnidades.aspx?unidade=04006
271,PERNAMBUCO,http://www.receita.fazenda.gov.br/Aplicacoes/ATBHE/UnidadesAtendimento/Unidades/InformacoesDasUnidades.aspx?unidade=04013
272,PERNAMBUCO,http://www.receita.fazenda.gov.br/Aplicacoes/ATBHE/UnidadesAtendimento/Unidades/InformacoesDasUnidades.aspx?unidade=04017
273,PERNAMBUCO,http://www.receita.fazenda.gov.br/Aplicacoes/ATBHE/UnidadesAtendimento/Unidades/InformacoesDasUnidades.aspx?unidade=04033
274,PERNAMBUCO,http://www.receita.fazenda.gov.br/Aplicacoes/ATBHE/UnidadesAtendimento/Unidades/InformacoesDasUnidades.aspx?unidade=04003
275,PERNAMBUCO,http://www.receita.fazenda.gov.br/Aplicacoes/ATBHE/UnidadesAtendimento/Unidades/InformacoesDasUnidades.aspx?unidade=04031
276,PERNAMBUCO,http://www.receita.fazenda.gov.br/Aplicacoes/ATBHE/UnidadesAtendimento/Unidades/InformacoesDasUnidades.aspx?unidade=04021
277,PERNAMBUCO,http://www.receita.fazenda.gov.br/Aplicacoes/ATBHE/UnidadesAtendimento/Unidades/InformacoesDasUnidades.aspx?unidade=04014
278,PERNAMBUCO,http://www.receita.fazenda.gov.br/Aplicacoes/ATBHE/UnidadesAtendimento/Unidades/InformacoesDasUnidades.aspx?unidade=04005
279,PERNAMBUCO,http://www.receita.fazenda.gov.br/Aplicacoes/ATBHE/UnidadesAtendimento/Unidades/InformacoesDasUnidades.aspx?unidade=04007
280,PERNAMBUCO,http://www.receita.fazenda.gov.br/Aplicacoes/ATBHE/UnidadesAtendimento/Unidades/InformacoesDasUnidades.aspx?unidade=04002
281,PERNAMBUCO,http://www.receita.fazenda.gov.br/Aplicacoes/ATBHE/UnidadesAtendimento/Unidades/InformacoesDasUnidades.aspx?unidade=04020
282,PERNAMBUCO,http://www.receita.fazenda.gov.br/Aplicacoes/ATBHE/UnidadesAtendimento/Unidades/InformacoesDasUnidades.aspx?unidade=04018
283,PERNAMBUCO,http://www.receita.fazenda.gov.br/Aplicacoes/ATBHE/UnidadesAtendimento/Unidades/InformacoesDasUnidades.aspx?unidade=04004
284,PIAUÍ,http://www.receita.fazenda.gov.br/Aplicacoes/ATBHE/UnidadesAtendimento/Unidades/InformacoesDasUnidades.aspx?unidade=03038
285,PIAUÍ,http://www.receita.fazenda.gov.br/Aplicacoes/ATBHE/UnidadesAtendimento/Unidades/InformacoesDasUnidades.aspx?unidade=03034
286,PIAUÍ,http://www.receita.fazenda.gov.br/Aplicacoes/ATBHE/UnidadesAtendimento/Unidades/InformacoesDasUnidades.aspx?unidade=03015
287,PIAUÍ,http://www.receita.fazenda.gov.br/Aplicacoes/ATBHE/UnidadesAtendimento/Unidades/InformacoesDasUnidades.aspx?unidade=03037
288,PIAUÍ,http://www.receita.fazenda.gov.br/Aplicacoes/ATBHE/UnidadesAtendimento/Unidades/InformacoesDasUnidades.aspx?unidade=03036
289,PIAUÍ,http://www.receita.fazenda.gov.br/Aplicacoes/ATBHE/UnidadesAtendimento/Unidades/InformacoesDasUnidades.aspx?unidade=03012
290,PIAUÍ,http://www.receita.fazenda.gov.br/Aplicacoes/ATBHE/UnidadesAtendimento/Unidades/InformacoesDasUnidades.aspx?unidade=03035
291,PIAUÍ,http://www.receita.fazenda.gov.br/Aplicacoes/ATBHE/UnidadesAtendimento/Unidades/InformacoesDasUnidades.aspx?unidade=03039
292,PIAUÍ,http://www.receita.fazenda.gov.br/Aplicacoes/ATBHE/UnidadesAtendimento/Unidades/InformacoesDasUnidades.aspx?unidade=03011
293,PIAUÍ,http://www.receita.fazenda.gov.br/Aplicacoes/ATBHE/UnidadesAtendimento/Unidades/InformacoesDasUnidades.aspx?unidade=03039
294,RIO DE JANEIRO,http://www.receita.fazenda.gov.br/Aplicacoes/ATBHE/UnidadesAtendimento/Unidades/InformacoesDasUnidades.aspx?unidade=07023
295,RIO DE JANEIRO,http://www.receita.fazenda.gov.br/Aplicacoes/ATBHE/UnidadesAtendimento/Unidades/InformacoesDasUnidades.aspx?unidade=07030
296,RIO DE JANEIRO,http://www.receita.fazenda.gov.br/Aplicacoes/ATBHE/UnidadesAtendimento/Unidades/InformacoesDasUnidades.aspx?unidade=07006
297,RIO DE JANEIRO,http://www.receita.fazenda.gov.br/Aplicacoes/ATBHE/UnidadesAtendimento/Unidades/InformacoesDasUnidades.aspx?unidade=07024
298,RIO DE JANEIRO,http://www.receita.fazenda.gov.br/Aplicacoes/ATBHE/UnidadesAtendimento/Unidades/InformacoesDasUnidades.aspx?unidade=07020
299,RIO DE JANEIRO,http://www.receita.fazenda.gov.br/Aplicacoes/ATBHE/UnidadesAtendimento/Unidades/InformacoesDasUnidades.aspx?unidade=07021
300,RIO DE JANEIRO,http://www.receita.fazenda.gov.br/Aplicacoes/ATBHE/UnidadesAtendimento/Unidades/InformacoesDasUnidades.aspx?unidade=07026
301,RIO DE JANEIRO,http://www.receita.fazenda.gov.br/Aplicacoes/ATBHE/UnidadesAtendimento/Unidades/InformacoesDasUnidades.aspx?unidade=07025
302,RIO DE JANEIRO,http://www.receita.fazenda.gov.br/Aplicacoes/ATBHE/UnidadesAtendimento/Unidades/InformacoesDasUnidades.aspx?unidade=07003
303,RIO DE JANEIRO,http://www.receita.fazenda.gov.br/Aplicacoes/ATBHE/UnidadesAtendimento/Unidades/InformacoesDasUnidades.aspx?unidade=07005
304,RIO DE JANEIRO,http://www.receita.fazenda.gov.br/Aplicacoes/ATBHE/UnidadesAtendimento/Unidades/InformacoesDasUnidades.aspx?unidade=07018
305,RIO DE JANEIRO,http://www.receita.fazenda.gov.br/Aplicacoes/ATBHE/UnidadesAtendimento/Unidades/InformacoesDasUnidades.aspx?unidade=07019
306,RIO DE JANEIRO,http://www.receita.fazenda.gov.br/Aplicacoes/ATBHE/UnidadesAtendimento/Unidades/InformacoesDasUnidades.aspx?unidade=07031
307,RIO DE JANEIRO,http://www.receita.fazenda.gov.br/Aplicacoes/ATBHE/UnidadesAtendimento/Unidades/InformacoesDasUnidades.aspx?unidade=07007
308,RIO DE JANEIRO,http://www.receita.fazenda.gov.br/Aplicacoes/ATBHE/UnidadesAtendimento/Unidades/InformacoesDasUnidades.aspx?unidade=07043
309,RIO DE JANEIRO,http://www.receita.fazenda.gov.br/Aplicacoes/ATBHE/UnidadesAtendimento/Unidades/InformacoesDasUnidades.aspx?unidade=07012
310,RIO DE JANEIRO,http://www.receita.fazenda.gov.br/Aplicacoes/ATBHE/UnidadesAtendimento/Unidades/InformacoesDasUnidades.aspx?unidade=07041
311,RIO DE JANEIRO,http://www.receita.fazenda.gov.br/Aplicacoes/ATBHE/UnidadesAtendimento/Unidades/InformacoesDasUnidades.aspx?unidade=07013
312,RIO DE JANEIRO,http://www.receita.fazenda.gov.br/Aplicacoes/ATBHE/UnidadesAtendimento/Unidades/InformacoesDasUnidades.aspx?unidade=07039
313,RIO DE JANEIRO,http://www.receita.fazenda.gov.br/Aplicacoes/ATBHE/UnidadesAtendimento/Unidades/InformacoesDasUnidades.aspx?unidade=07001
314,RIO DE JANEIRO,http://www.receita.fazenda.gov.br/Aplicacoes/ATBHE/UnidadesAtendimento/Unidades/InformacoesDasUnidades.aspx?unidade=07011
315,RIO DE JANEIRO,http://www.receita.fazenda.gov.br/Aplicacoes/ATBHE/UnidadesAtendimento/Unidades/InformacoesDasUnidades.aspx?unidade=07014
316,RIO DE JANEIRO,http://www.receita.fazenda.gov.br/Aplicacoes/ATBHE/UnidadesAtendimento/Unidades/InformacoesDasUnidades.aspx?unidade=07016
317,RIO DE JANEIRO,http://www.receita.fazenda.gov.br/Aplicacoes/ATBHE/UnidadesAtendimento/Unidades/InformacoesDasUnidades.aspx?unidade=07027
318,RIO DE JANEIRO,http://www.receita.fazenda.gov.br/Aplicacoes/ATBHE/UnidadesAtendimento/Unidades/InformacoesDasUnidades.aspx?unidade=07004
319,RIO DE JANEIRO,http://www.receita.fazenda.gov.br/Aplicacoes/ATBHE/UnidadesAtendimento/Unidades/InformacoesDasUnidades.aspx?unidade=07029
320,RIO DE JANEIRO,http://www.receita.fazenda.gov.br/Aplicacoes/ATBHE/UnidadesAtendimento/Unidades/InformacoesDasUnidades.aspx?unidade=07022
321,RIO DE JANEIRO,http://www.receita.fazenda.gov.br/Aplicacoes/ATBHE/UnidadesAtendimento/Unidades/InformacoesDasUnidades.aspx?unidade=07028
322,RIO GRANDE DO NORTE,http://www.receita.fazenda.gov.br/Aplicacoes/ATBHE/UnidadesAtendimento/Unidades/InformacoesDasUnidades.aspx?unidade=04024
323,RIO GRANDE DO NORTE,http://www.receita.fazenda.gov.br/Aplicacoes/ATBHE/UnidadesAtendimento/Unidades/InformacoesDasUnidades.aspx?unidade=04025
324,RIO GRANDE DO NORTE,http://www.receita.fazenda.gov.br/Aplicacoes/ATBHE/UnidadesAtendimento/Unidades/InformacoesDasUnidades.aspx?unidade=04019
325,RIO GRANDE DO NORTE,http://www.receita.fazenda.gov.br/Aplicacoes/ATBHE/UnidadesAtendimento/Unidades/InformacoesDasUnidades.aspx?unidade=04011
326,RIO GRANDE DO NORTE,http://www.receita.fazenda.gov.br/Aplicacoes/ATBHE/UnidadesAtendimento/Unidades/InformacoesDasUnidades.aspx?unidade=04009
327,RIO GRANDE DO NORTE,http://www.receita.fazenda.gov.br/Aplicacoes/ATBHE/UnidadesAtendimento/Unidades/InformacoesDasUnidades.aspx?unidade=04051
328,RIO GRANDE DO NORTE,http://www.receita.fazenda.gov.br/Aplicacoes/ATBHE/UnidadesAtendimento/Unidades/InformacoesDasUnidades.aspx?unidade=04035
329,RIO GRANDE DO SUL,http://www.receita.fazenda.gov.br/Aplicacoes/ATBHE/UnidadesAtendimento/Unidades/InformacoesDasUnidades.aspx?unidade=10048
330,RIO GRANDE DO SUL,http://www.receita.fazenda.gov.br/Aplicacoes/ATBHE/UnidadesAtendimento/Unidades/InformacoesDasUnidades.aspx?unidade=10049
331,RIO GRANDE DO SUL,http://www.receita.fazenda.gov.br/Aplicacoes/ATBHE/UnidadesAtendimento/Unidades/InformacoesDasUnidades.aspx?unidade=10058
332,RIO GRANDE DO SUL,http://www.receita.fazenda.gov.br/Aplicacoes/ATBHE/UnidadesAtendimento/Unidades/InformacoesDasUnidades.aspx?unidade=10002
333,RIO GRANDE DO SUL,http://www.receita.fazenda.gov.br/Aplicacoes/ATBHE/UnidadesAtendimento/Unidades/InformacoesDasUnidades.aspx?unidade=10003
334,RIO GRANDE DO SUL,http://www.receita.fazenda.gov.br/Aplicacoes/ATBHE/UnidadesAtendimento/Unidades/InformacoesDasUnidades.aspx?unidade=10004
335,RIO GRANDE DO SUL,http://www.receita.fazenda.gov.br/Aplicacoes/ATBHE/UnidadesAtendimento/Unidades/InformacoesDasUnidades.aspx?unidade=10050
336,RIO GRANDE DO SUL,http://www.receita.fazenda.gov.br/Aplicacoes/ATBHE/UnidadesAtendimento/Unidades/InformacoesDasUnidades.aspx?unidade=10033
337,RIO GRANDE DO SUL,http://www.receita.fazenda.gov.br/Aplicacoes/ATBHE/UnidadesAtendimento/Unidades/InformacoesDasUnidades.aspx?unidade=10005
338,RIO GRANDE DO SUL,http://www.receita.fazenda.gov.br/Aplicacoes/ATBHE/UnidadesAtendimento/Unidades/InformacoesDasUnidades.aspx?unidade=10006
339,RIO GRANDE DO SUL,http://www.receita.fazenda.gov.br/Aplicacoes/ATBHE/UnidadesAtendimento/Unidades/InformacoesDasUnidades.aspx?unidade=10020
340,RIO GRANDE DO SUL,http://www.receita.fazenda.gov.br/Aplicacoes/ATBHE/UnidadesAtendimento/Unidades/InformacoesDasUnidades.aspx?unidade=10062
341,RIO GRANDE DO SUL,http://www.receita.fazenda.gov.br/Aplicacoes/ATBHE/UnidadesAtendimento/Unidades/InformacoesDasUnidades.aspx?unidade=10052
342,RIO GRANDE DO SUL,http://www.receita.fazenda.gov.br/Aplicacoes/ATBHE/UnidadesAtendimento/Unidades/InformacoesDasUnidades.aspx?unidade=10046
343,RIO GRANDE DO SUL,http://www.receita.fazenda.gov.br/Aplicacoes/ATBHE/UnidadesAtendimento/Unidades/InformacoesDasUnidades.aspx?unidade=10031
344,RIO GRANDE DO SUL,http://www.receita.fazenda.gov.br/Aplicacoes/ATBHE/UnidadesAtendimento/Unidades/InformacoesDasUnidades.aspx?unidade=10007
345,RIO GRANDE DO SUL,http://www.receita.fazenda.gov.br/Aplicacoes/ATBHE/UnidadesAtendimento/Unidades/InformacoesDasUnidades.aspx?unidade=10008
346,RIO GRANDE DO SUL,http://www.receita.fazenda.gov.br/Aplicacoes/ATBHE/UnidadesAtendimento/Unidades/InformacoesDasUnidades.aspx?unidade=10009
347,RIO GRANDE DO SUL,http://www.receita.fazenda.gov.br/Aplicacoes/ATBHE/UnidadesAtendimento/Unidades/InformacoesDasUnidades.aspx?unidade=10036
348,RIO GRANDE DO SUL,http://www.receita.fazenda.gov.br/Aplicacoes/ATBHE/UnidadesAtendimento/Unidades/InformacoesDasUnidades.aspx?unidade=10045
349,RIO GRANDE DO SUL,http://www.receita.fazenda.gov.br/Aplicacoes/ATBHE/UnidadesAtendimento/Unidades/InformacoesDasUnidades.aspx?unidade=10054
350,RIO GRANDE DO SUL,http://www.receita.fazenda.gov.br/Aplicacoes/ATBHE/UnidadesAtendimento/Unidades/InformacoesDasUnidades.aspx?unidade=10057
351,RIO GRANDE DO SUL,http://www.receita.fazenda.gov.br/Aplicacoes/ATBHE/UnidadesAtendimento/Unidades/InformacoesDasUnidades.aspx?unidade=10010
352,RIO GRANDE DO SUL,http://www.receita.fazenda.gov.br/Aplicacoes/ATBHE/UnidadesAtendimento/Unidades/InformacoesDasUnidades.aspx?unidade=10011
353,RIO GRANDE DO SUL,http://www.receita.fazenda.gov.br/Aplicacoes/ATBHE/UnidadesAtendimento/Unidades/InformacoesDasUnidades.aspx?unidade=10012
354,RIO GRANDE DO SUL,http://www.receita.fazenda.gov.br/Aplicacoes/ATBHE/UnidadesAtendimento/Unidades/InformacoesDasUnidades.aspx?unidade=10021
355,RIO GRANDE DO SUL,http://www.receita.fazenda.gov.br/Aplicacoes/ATBHE/UnidadesAtendimento/Unidades/InformacoesDasUnidades.aspx?unidade=10013
356,RIO GRANDE DO SUL,http://www.receita.fazenda.gov.br/Aplicacoes/ATBHE/UnidadesAtendimento/Unidades/InformacoesDasUnidades.aspx?unidade=10022
357,RIO GRANDE DO SUL,http://www.receita.fazenda.gov.br/Aplicacoes/ATBHE/UnidadesAtendimento/Unidades/InformacoesDasUnidades.aspx?unidade=10023
358,RIO GRANDE DO SUL,http://www.receita.fazenda.gov.br/Aplicacoes/ATBHE/UnidadesAtendimento/Unidades/InformacoesDasUnidades.aspx?unidade=10024
359,RIO GRANDE DO SUL,http://www.receita.fazenda.gov.br/Aplicacoes/ATBHE/UnidadesAtendimento/Unidades/InformacoesDasUnidades.aspx?unidade=10056
360,RIO GRANDE DO SUL,http://www.receita.fazenda.gov.br/Aplicacoes/ATBHE/UnidadesAtendimento/Unidades/InformacoesDasUnidades.aspx?unidade=10037
361,RIO GRANDE DO SUL,http://www.receita.fazenda.gov.br/Aplicacoes/ATBHE/UnidadesAtendimento/Unidades/InformacoesDasUnidades.aspx?unidade=10055
362,RIO GRANDE DO SUL,http://www.receita.fazenda.gov.br/Aplicacoes/ATBHE/UnidadesAtendimento/Unidades/InformacoesDasUnidades.aspx?unidade=10060
363,RIO GRANDE DO SUL,http://www.receita.fazenda.gov.br/Aplicacoes/ATBHE/UnidadesAtendimento/Unidades/InformacoesDasUnidades.aspx?unidade=10026
364,RIO GRANDE DO SUL,http://www.receita.fazenda.gov.br/Aplicacoes/ATBHE/UnidadesAtendimento/Unidades/InformacoesDasUnidades.aspx?unidade=10027
365,RIO GRANDE DO SUL,http://www.receita.fazenda.gov.br/Aplicacoes/ATBHE/UnidadesAtendimento/Unidades/InformacoesDasUnidades.aspx?unidade=10038
366,RIO GRANDE DO SUL,http://www.receita.fazenda.gov.br/Aplicacoes/ATBHE/UnidadesAtendimento/Unidades/InformacoesDasUnidades.aspx?unidade=10059
367,RIO GRANDE DO SUL,http://www.receita.fazenda.gov.br/Aplicacoes/ATBHE/UnidadesAtendimento/Unidades/InformacoesDasUnidades.aspx?unidade=10014
368,RIO GRANDE DO SUL,http://www.receita.fazenda.gov.br/Aplicacoes/ATBHE/UnidadesAtendimento/Unidades/InformacoesDasUnidades.aspx?unidade=10029
369,RIO GRANDE DO SUL,http://www.receita.fazenda.gov.br/Aplicacoes/ATBHE/UnidadesAtendimento/Unidades/InformacoesDasUnidades.aspx?unidade=10053
370,RIO GRANDE DO SUL,http://www.receita.fazenda.gov.br/Aplicacoes/ATBHE/UnidadesAtendimento/Unidades/InformacoesDasUnidades.aspx?unidade=10032
371,RIO GRANDE DO SUL,http://www.receita.fazenda.gov.br/Aplicacoes/ATBHE/UnidadesAtendimento/Unidades/InformacoesDasUnidades.aspx?unidade=10001
372,RIO GRANDE DO SUL,http://www.receita.fazenda.gov.br/Aplicacoes/ATBHE/UnidadesAtendimento/Unidades/InformacoesDasUnidades.aspx?unidade=10047
373,RIO GRANDE DO SUL,http://www.receita.fazenda.gov.br/Aplicacoes/ATBHE/UnidadesAtendimento/Unidades/InformacoesDasUnidades.aspx?unidade=10039
374,RIO GRANDE DO SUL,http://www.receita.fazenda.gov.br/Aplicacoes/ATBHE/UnidadesAtendimento/Unidades/InformacoesDasUnidades.aspx?unidade=10017
375,RIO GRANDE DO SUL,http://www.receita.fazenda.gov.br/Aplicacoes/ATBHE/UnidadesAtendimento/Unidades/InformacoesDasUnidades.aspx?unidade=10043
376,RIO GRANDE DO SUL,http://www.receita.fazenda.gov.br/Aplicacoes/ATBHE/UnidadesAtendimento/Unidades/InformacoesDasUnidades.aspx?unidade=10018
377,RIO GRANDE DO SUL,http://www.receita.fazenda.gov.br/Aplicacoes/ATBHE/UnidadesAtendimento/Unidades/InformacoesDasUnidades.aspx?unidade=10040
378,RIO GRANDE DO SUL,http://www.receita.fazenda.gov.br/Aplicacoes/ATBHE/UnidadesAtendimento/Unidades/InformacoesDasUnidades.aspx?unidade=10030
379,RIO GRANDE DO SUL,http://www.receita.fazenda.gov.br/Aplicacoes/ATBHE/UnidadesAtendimento/Unidades/InformacoesDasUnidades.aspx?unidade=10041
380,RIO GRANDE DO SUL,http://www.receita.fazenda.gov.br/Aplicacoes/ATBHE/UnidadesAtendimento/Unidades/InformacoesDasUnidades.aspx?unidade=10042
381,RIO GRANDE DO SUL,http://www.receita.fazenda.gov.br/Aplicacoes/ATBHE/UnidadesAtendimento/Unidades/InformacoesDasUnidades.aspx?unidade=10019
382,RONDÔNIA,http://www.receita.fazenda.gov.br/Aplicacoes/ATBHE/UnidadesAtendimento/Unidades/InformacoesDasUnidades.aspx?unidade=02008
383,RONDÔNIA,http://www.receita.fazenda.gov.br/Aplicacoes/ATBHE/UnidadesAtendimento/Unidades/InformacoesDasUnidades.aspx?unidade=02011
384,RONDÔNIA,http://www.receita.fazenda.gov.br/Aplicacoes/ATBHE/UnidadesAtendimento/Unidades/InformacoesDasUnidades.aspx?unidade=02009
385,RONDÔNIA,http://www.receita.fazenda.gov.br/Aplicacoes/ATBHE/UnidadesAtendimento/Unidades/InformacoesDasUnidades.aspx?unidade=02010
386,RONDÔNIA,http://www.receita.fazenda.gov.br/Aplicacoes/ATBHE/UnidadesAtendimento/Unidades/InformacoesDasUnidades.aspx?unidade=02007
387,RONDÔNIA,http://www.receita.fazenda.gov.br/Aplicacoes/ATBHE/UnidadesAtendimento/Unidades/InformacoesDasUnidades.aspx?unidade=02012
388,RORAIMA,http://www.receita.fazenda.gov.br/Aplicacoes/ATBHE/UnidadesAtendimento/Unidades/InformacoesDasUnidades.aspx?unidade=02013
389,RORAIMA,http://www.receita.fazenda.gov.br/Aplicacoes/ATBHE/UnidadesAtendimento/Unidades/InformacoesDasUnidades.aspx?unidade=02509
390,RORAIMA,http://www.receita.fazenda.gov.br/Aplicacoes/ATBHE/UnidadesAtendimento/Unidades/InformacoesDasUnidades.aspx?unidade=02510
391,SANTA CATARINA,http://www.receita.fazenda.gov.br/Aplicacoes/ATBHE/UnidadesAtendimento/Unidades/InformacoesDasUnidades.aspx?unidade=09015
392,SANTA CATARINA,http://www.receita.fazenda.gov.br/Aplicacoes/ATBHE/UnidadesAtendimento/Unidades/InformacoesDasUnidades.aspx?unidade=09001
393,SANTA CATARINA,http://www.receita.fazenda.gov.br/Aplicacoes/ATBHE/UnidadesAtendimento/Unidades/InformacoesDasUnidades.aspx?unidade=09038
394,SANTA CATARINA,http://www.receita.fazenda.gov.br/Aplicacoes/ATBHE/UnidadesAtendimento/Unidades/InformacoesDasUnidades.aspx?unidade=09031
395,SANTA CATARINA,http://www.receita.fazenda.gov.br/Aplicacoes/ATBHE/UnidadesAtendimento/Unidades/InformacoesDasUnidades.aspx?unidade=09041
396,SANTA CATARINA,http://www.receita.fazenda.gov.br/Aplicacoes/ATBHE/UnidadesAtendimento/Unidades/InformacoesDasUnidades.aspx?unidade=09034
397,SANTA CATARINA,http://www.receita.fazenda.gov.br/Aplicacoes/ATBHE/UnidadesAtendimento/Unidades/InformacoesDasUnidades.aspx?unidade=09033
398,SANTA CATARINA,http://www.receita.fazenda.gov.br/Aplicacoes/ATBHE/UnidadesAtendimento/Unidades/InformacoesDasUnidades.aspx?unidade=09016
399,SANTA CATARINA,http://www.receita.fazenda.gov.br/Aplicacoes/ATBHE/UnidadesAtendimento/Unidades/InformacoesDasUnidades.aspx?unidade=09071
400,SANTA CATARINA,http://www.receita.fazenda.gov.br/Aplicacoes/ATBHE/UnidadesAtendimento/Unidades/InformacoesDasUnidades.aspx?unidade=09002
401,SANTA CATARINA,http://www.receita.fazenda.gov.br/Aplicacoes/ATBHE/UnidadesAtendimento/Unidades/InformacoesDasUnidades.aspx?unidade=09042
402,SANTA CATARINA,http://www.receita.fazenda.gov.br/Aplicacoes/ATBHE/UnidadesAtendimento/Unidades/InformacoesDasUnidades.aspx?unidade=09019
403,SANTA CATARINA,http://www.receita.fazenda.gov.br/Aplicacoes/ATBHE/UnidadesAtendimento/Unidades/InformacoesDasUnidades.aspx?unidade=09004
404,SANTA CATARINA,http://www.receita.fazenda.gov.br/Aplicacoes/ATBHE/UnidadesAtendimento/Unidades/InformacoesDasUnidades.aspx?unidade=09020
405,SANTA CATARINA,http://www.receita.fazenda.gov.br/Aplicacoes/ATBHE/UnidadesAtendimento/Unidades/InformacoesDasUnidades.aspx?unidade=09043
406,SANTA CATARINA,http://www.receita.fazenda.gov.br/Aplicacoes/ATBHE/UnidadesAtendimento/Unidades/InformacoesDasUnidades.aspx?unidade=09039
407,SANTA CATARINA,http://www.receita.fazenda.gov.br/Aplicacoes/ATBHE/UnidadesAtendimento/Unidades/InformacoesDasUnidades.aspx?unidade=09044
408,SANTA CATARINA,http://www.receita.fazenda.gov.br/Aplicacoes/ATBHE/UnidadesAtendimento/Unidades/InformacoesDasUnidades.aspx?unidade=09037
409,SANTA CATARINA,http://www.receita.fazenda.gov.br/Aplicacoes/ATBHE/UnidadesAtendimento/Unidades/InformacoesDasUnidades.aspx?unidade=09072
410,SANTA CATARINA,http://www.receita.fazenda.gov.br/Aplicacoes/ATBHE/UnidadesAtendimento/Unidades/InformacoesDasUnidades.aspx?unidade=09040
411,SANTA CATARINA,http://www.receita.fazenda.gov.br/Aplicacoes/ATBHE/UnidadesAtendimento/Unidades/InformacoesDasUnidades.aspx?unidade=09017
412,SANTA CATARINA,http://www.receita.fazenda.gov.br/Aplicacoes/ATBHE/UnidadesAtendimento/Unidades/InformacoesDasUnidades.aspx?unidade=09032
413,SANTA CATARINA,http://www.receita.fazenda.gov.br/Aplicacoes/ATBHE/UnidadesAtendimento/Unidades/InformacoesDasUnidades.aspx?unidade=09035
414,SÃO PAULO,http://www.receita.fazenda.gov.br/Aplicacoes/ATBHE/UnidadesAtendimento/Unidades/InformacoesDasUnidades.aspx?unidade=08077
415,SÃO PAULO,http://www.receita.fazenda.gov.br/Aplicacoes/ATBHE/UnidadesAtendimento/Unidades/InformacoesDasUnidades.aspx?unidade=08077
416,SÃO PAULO,http://www.receita.fazenda.gov.br/Aplicacoes/ATBHE/UnidadesAtendimento/Unidades/InformacoesDasUnidades.aspx?unidade=08076
417,SÃO PAULO,http://www.receita.fazenda.gov.br/Aplicacoes/ATBHE/UnidadesAtendimento/Unidades/InformacoesDasUnidades.aspx?unidade=08077
418,SÃO PAULO,http://www.receita.fazenda.gov.br/Aplicacoes/ATBHE/UnidadesAtendimento/Unidades/InformacoesDasUnidades.aspx?unidade=08018
419,SÃO PAULO,http://www.receita.fazenda.gov.br/Aplicacoes/ATBHE/UnidadesAtendimento/Unidades/InformacoesDasUnidades.aspx?unidade=08077
420,SÃO PAULO,http://www.receita.fazenda.gov.br/Aplicacoes/ATBHE/UnidadesAtendimento/Unidades/InformacoesDasUnidades.aspx?unidade=08010
421,SÃO PAULO,http://www.receita.fazenda.gov.br/Aplicacoes/ATBHE/UnidadesAtendimento/Unidades/InformacoesDasUnidades.aspx?unidade=08077
422,SÃO PAULO,http://www.receita.fazenda.gov.br/Aplicacoes/ATBHE/UnidadesAtendimento/Unidades/InformacoesDasUnidades.aspx?unidade=08009
423,SÃO PAULO,http://www.receita.fazenda.gov.br/Aplicacoes/ATBHE/UnidadesAtendimento/Unidades/InformacoesDasUnidades.aspx?unidade=08077
424,SÃO PAULO,http://www.receita.fazenda.gov.br/Aplicacoes/ATBHE/UnidadesAtendimento/Unidades/InformacoesDasUnidades.aspx?unidade=08013
425,SÃO PAULO,http://www.receita.fazenda.gov.br/Aplicacoes/ATBHE/UnidadesAtendimento/Unidades/InformacoesDasUnidades.aspx?unidade=08077
426,SÃO PAULO,http://www.receita.fazenda.gov.br/Aplicacoes/ATBHE/UnidadesAtendimento/Unidades/InformacoesDasUnidades.aspx?unidade=08073
427,SÃO PAULO,http://www.receita.fazenda.gov.br/Aplicacoes/ATBHE/UnidadesAtendimento/Unidades/InformacoesDasUnidades.aspx?unidade=08077
428,SÃO PAULO,http://www.receita.fazenda.gov.br/Aplicacoes/ATBHE/UnidadesAtendimento/Unidades/InformacoesDasUnidades.aspx?unidade=08037
429,SÃO PAULO,http://www.receita.fazenda.gov.br/Aplicacoes/ATBHE/UnidadesAtendimento/Unidades/InformacoesDasUnidades.aspx?unidade=08077
430,SÃO PAULO,http://www.receita.fazenda.gov.br/Aplicacoes/ATBHE/UnidadesAtendimento/Unidades/InformacoesDasUnidades.aspx?unidade=08101
431,SÃO PAULO,http://www.receita.fazenda.gov.br/Aplicacoes/ATBHE/UnidadesAtendimento/Unidades/InformacoesDasUnidades.aspx?unidade=08077
432,SÃO PAULO,http://www.receita.fazenda.gov.br/Aplicacoes/ATBHE/UnidadesAtendimento/Unidades/InformacoesDasUnidades.aspx?unidade=08069
433,SÃO PAULO,http://www.receita.fazenda.gov.br/Aplicacoes/ATBHE/UnidadesAtendimento/Unidades/InformacoesDasUnidades.aspx?unidade=08077
434,SÃO PAULO,http://www.receita.fazenda.gov.br/Aplicacoes/ATBHE/UnidadesAtendimento/Unidades/InformacoesDasUnidades.aspx?unidade=08046
435,SÃO PAULO,http://www.receita.fazenda.gov.br/Aplicacoes/ATBHE/UnidadesAtendimento/Unidades/InformacoesDasUnidades.aspx?unidade=08077
436,SÃO PAULO,http://www.receita.fazenda.gov.br/Aplicacoes/ATBHE/UnidadesAtendimento/Unidades/InformacoesDasUnidades.aspx?unidade=08026
437,SÃO PAULO,http://www.receita.fazenda.gov.br/Aplicacoes/ATBHE/UnidadesAtendimento/Unidades/InformacoesDasUnidades.aspx?unidade=08077
438,SÃO PAULO,http://www.receita.fazenda.gov.br/Aplicacoes/ATBHE/UnidadesAtendimento/Unidades/InformacoesDasUnidades.aspx?unidade=08034
439,SÃO PAULO,http://www.receita.fazenda.gov.br/Aplicacoes/ATBHE/UnidadesAtendimento/Unidades/InformacoesDasUnidades.aspx?unidade=08077
440,SÃO PAULO,http://www.receita.fazenda.gov.br/Aplicacoes/ATBHE/UnidadesAtendimento/Unidades/InformacoesDasUnidades.aspx?unidade=08024
441,SÃO PAULO,http://www.receita.fazenda.gov.br/Aplicacoes/ATBHE/UnidadesAtendimento/Unidades/InformacoesDasUnidades.aspx?unidade=08077
442,SÃO PAULO,http://www.receita.fazenda.gov.br/Aplicacoes/ATBHE/UnidadesAtendimento/Unidades/InformacoesDasUnidades.aspx?unidade=08067
443,SÃO PAULO,http://www.receita.fazenda.gov.br/Aplicacoes/ATBHE/UnidadesAtendimento/Unidades/InformacoesDasUnidades.aspx?unidade=08077
444,SÃO PAULO,http://www.receita.fazenda.gov.br/Aplicacoes/ATBHE/UnidadesAtendimento/Unidades/InformacoesDasUnidades.aspx?unidade=08019
445,SÃO PAULO,http://www.receita.fazenda.gov.br/Aplicacoes/ATBHE/UnidadesAtendimento/Unidades/InformacoesDasUnidades.aspx?unidade=08077
446,SÃO PAULO,http://www.receita.fazenda.gov.br/Aplicacoes/ATBHE/UnidadesAtendimento/Unidades/InformacoesDasUnidades.aspx?unidade=08004
447,SÃO PAULO,http://www.receita.fazenda.gov.br/Aplicacoes/ATBHE/UnidadesAtendimento/Unidades/InformacoesDasUnidades.aspx?unidade=08077
448,SÃO PAULO,http://www.receita.fazenda.gov.br/Aplicacoes/ATBHE/UnidadesAtendimento/Unidades/InformacoesDasUnidades.aspx?unidade=08097
449,SÃO PAULO,http://www.receita.fazenda.gov.br/Aplicacoes/ATBHE/UnidadesAtendimento/Unidades/InformacoesDasUnidades.aspx?unidade=08077
450,SÃO PAULO,http://www.receita.fazenda.gov.br/Aplicacoes/ATBHE/UnidadesAtendimento/Unidades/InformacoesDasUnidades.aspx?unidade=08085
451,SÃO PAULO,http://www.receita.fazenda.gov.br/Aplicacoes/ATBHE/UnidadesAtendimento/Unidades/InformacoesDasUnidades.aspx?unidade=08077
452,SÃO PAULO,http://www.receita.fazenda.gov.br/Aplicacoes/ATBHE/UnidadesAtendimento/Unidades/InformacoesDasUnidades.aspx?unidade=08029
453,SÃO PAULO,http://www.receita.fazenda.gov.br/Aplicacoes/ATBHE/UnidadesAtendimento/Unidades/InformacoesDasUnidades.aspx?unidade=08077
454,SÃO PAULO,http://www.receita.fazenda.gov.br/Aplicacoes/ATBHE/UnidadesAtendimento/Unidades/InformacoesDasUnidades.aspx?unidade=08081
455,SÃO PAULO,http://www.receita.fazenda.gov.br/Aplicacoes/ATBHE/UnidadesAtendimento/Unidades/InformacoesDasUnidades.aspx?unidade=08077
456,SÃO PAULO,http://www.receita.fazenda.gov.br/Aplicacoes/ATBHE/UnidadesAtendimento/Unidades/InformacoesDasUnidades.aspx?unidade=08053
457,SÃO PAULO,http://www.receita.fazenda.gov.br/Aplicacoes/ATBHE/UnidadesAtendimento/Unidades/InformacoesDasUnidades.aspx?unidade=08077
458,SÃO PAULO,http://www.receita.fazenda.gov.br/Aplicacoes/ATBHE/UnidadesAtendimento/Unidades/InformacoesDasUnidades.aspx?unidade=08078
459,SÃO PAULO,http://www.receita.fazenda.gov.br/Aplicacoes/ATBHE/UnidadesAtendimento/Unidades/InformacoesDasUnidades.aspx?unidade=08077
460,SÃO PAULO,http://www.receita.fazenda.gov.br/Aplicacoes/ATBHE/UnidadesAtendimento/Unidades/InformacoesDasUnidades.aspx?unidade=08028
461,SÃO PAULO,http://www.receita.fazenda.gov.br/Aplicacoes/ATBHE/UnidadesAtendimento/Unidades/InformacoesDasUnidades.aspx?unidade=08077
462,SÃO PAULO,http://www.receita.fazenda.gov.br/Aplicacoes/ATBHE/UnidadesAtendimento/Unidades/InformacoesDasUnidades.aspx?unidade=08003
463,SÃO PAULO,http://www.receita.fazenda.gov.br/Aplicacoes/ATBHE/UnidadesAtendimento/Unidades/InformacoesDasUnidades.aspx?unidade=08077
464,SÃO PAULO,http://www.receita.fazenda.gov.br/Aplicacoes/ATBHE/UnidadesAtendimento/Unidades/InformacoesDasUnidades.aspx?unidade=08047
465,SÃO PAULO,http://www.receita.fazenda.gov.br/Aplicacoes/ATBHE/UnidadesAtendimento/Unidades/InformacoesDasUnidades.aspx?unidade=08077
466,SÃO PAULO,http://www.receita.fazenda.gov.br/Aplicacoes/ATBHE/UnidadesAtendimento/Unidades/InformacoesDasUnidades.aspx?unidade=08052
467,SÃO PAULO,http://www.receita.fazenda.gov.br/Aplicacoes/ATBHE/UnidadesAtendimento/Unidades/InformacoesDasUnidades.aspx?unidade=08077
468,SÃO PAULO,http://www.receita.fazenda.gov.br/Aplicacoes/ATBHE/UnidadesAtendimento/Unidades/InformacoesDasUnidades.aspx?unidade=08102
469,SÃO PAULO,http://www.receita.fazenda.gov.br/Aplicacoes/ATBHE/UnidadesAtendimento/Unidades/InformacoesDasUnidades.aspx?unidade=08077
470,SÃO PAULO,http://www.receita.fazenda.gov.br/Aplicacoes/ATBHE/UnidadesAtendimento/Unidades/InformacoesDasUnidades.aspx?unidade=08041
471,SÃO PAULO,http://www.receita.fazenda.gov.br/Aplicacoes/ATBHE/UnidadesAtendimento/Unidades/InformacoesDasUnidades.aspx?unidade=08077
472,SÃO PAULO,http://www.receita.fazenda.gov.br/Aplicacoes/ATBHE/UnidadesAtendimento/Unidades/InformacoesDasUnidades.aspx?unidade=08083
473,SÃO PAULO,http://www.receita.fazenda.gov.br/Aplicacoes/ATBHE/UnidadesAtendimento/Unidades/InformacoesDasUnidades.aspx?unidade=08077
474,SÃO PAULO,http://www.receita.fazenda.gov.br/Aplicacoes/ATBHE/UnidadesAtendimento/Unidades/InformacoesDasUnidades.aspx?unidade=08095
475,SÃO PAULO,http://www.receita.fazenda.gov.br/Aplicacoes/ATBHE/UnidadesAtendimento/Unidades/InformacoesDasUnidades.aspx?unidade=08077
476,SÃO PAULO,http://www.receita.fazenda.gov.br/Aplicacoes/ATBHE/UnidadesAtendimento/Unidades/InformacoesDasUnidades.aspx?unidade=08007
477,SÃO PAULO,http://www.receita.fazenda.gov.br/Aplicacoes/ATBHE/UnidadesAtendimento/Unidades/InformacoesDasUnidades.aspx?unidade=08077
478,SÃO PAULO,http://www.receita.fazenda.gov.br/Aplicacoes/ATBHE/UnidadesAtendimento/Unidades/InformacoesDasUnidades.aspx?unidade=08061
479,SÃO PAULO,http://www.receita.fazenda.gov.br/Aplicacoes/ATBHE/UnidadesAtendimento/Unidades/InformacoesDasUnidades.aspx?unidade=08077
480,SÃO PAULO,http://www.receita.fazenda.gov.br/Aplicacoes/ATBHE/UnidadesAtendimento/Unidades/InformacoesDasUnidades.aspx?unidade=08062
481,SÃO PAULO,http://www.receita.fazenda.gov.br/Aplicacoes/ATBHE/UnidadesAtendimento/Unidades/InformacoesDasUnidades.aspx?unidade=08077
482,SÃO PAULO,http://www.receita.fazenda.gov.br/Aplicacoes/ATBHE/UnidadesAtendimento/Unidades/InformacoesDasUnidades.aspx?unidade=08063
483,SÃO PAULO,http://www.receita.fazenda.gov.br/Aplicacoes/ATBHE/UnidadesAtendimento/Unidades/InformacoesDasUnidades.aspx?unidade=08077
484,SÃO PAULO,http://www.receita.fazenda.gov.br/Aplicacoes/ATBHE/UnidadesAtendimento/Unidades/InformacoesDasUnidades.aspx?unidade=08059
485,SÃO PAULO,http://www.receita.fazenda.gov.br/Aplicacoes/ATBHE/UnidadesAtendimento/Unidades/InformacoesDasUnidades.aspx?unidade=08077
486,SÃO PAULO,http://www.receita.fazenda.gov.br/Aplicacoes/ATBHE/UnidadesAtendimento/Unidades/InformacoesDasUnidades.aspx?unidade=08030
487,SÃO PAULO,http://www.receita.fazenda.gov.br/Aplicacoes/ATBHE/UnidadesAtendimento/Unidades/InformacoesDasUnidades.aspx?unidade=08077
488,SÃO PAULO,http://www.receita.fazenda.gov.br/Aplicacoes/ATBHE/UnidadesAtendimento/Unidades/InformacoesDasUnidades.aspx?unidade=08025
489,SÃO PAULO,http://www.receita.fazenda.gov.br/Aplicacoes/ATBHE/UnidadesAtendimento/Unidades/InformacoesDasUnidades.aspx?unidade=08077
490,SÃO PAULO,http://www.receita.fazenda.gov.br/Aplicacoes/ATBHE/UnidadesAtendimento/Unidades/InformacoesDasUnidades.aspx?unidade=08066
491,SÃO PAULO,http://www.receita.fazenda.gov.br/Aplicacoes/ATBHE/UnidadesAtendimento/Unidades/InformacoesDasUnidades.aspx?unidade=08077
492,SÃO PAULO,http://www.receita.fazenda.gov.br/Aplicacoes/ATBHE/UnidadesAtendimento/Unidades/InformacoesDasUnidades.aspx?unidade=08017
493,SÃO PAULO,http://www.receita.fazenda.gov.br/Aplicacoes/ATBHE/UnidadesAtendimento/Unidades/InformacoesDasUnidades.aspx?unidade=08077
494,SÃO PAULO,http://www.receita.fazenda.gov.br/Aplicacoes/ATBHE/UnidadesAtendimento/Unidades/InformacoesDasUnidades.aspx?unidade=08043
495,SÃO PAULO,http://www.receita.fazenda.gov.br/Aplicacoes/ATBHE/UnidadesAtendimento/Unidades/InformacoesDasUnidades.aspx?unidade=08077
496,SÃO PAULO,http://www.receita.fazenda.gov.br/Aplicacoes/ATBHE/UnidadesAtendimento/Unidades/InformacoesDasUnidades.aspx?unidade=08065
497,SÃO PAULO,http://www.receita.fazenda.gov.br/Aplicacoes/ATBHE/UnidadesAtendimento/Unidades/InformacoesDasUnidades.aspx?unidade=08077
498,SÃO PAULO,http://www.receita.fazenda.gov.br/Aplicacoes/ATBHE/UnidadesAtendimento/Unidades/InformacoesDasUnidades.aspx?unidade=08036
499,SÃO PAULO,http://www.receita.fazenda.gov.br/Aplicacoes/ATBHE/UnidadesAtendimento/Unidades/InformacoesDasUnidades.aspx?unidade=08077
500,SÃO PAULO,http://www.receita.fazenda.gov.br/Aplicacoes/ATBHE/UnidadesAtendimento/Unidades/InformacoesDasUnidades.aspx?unidade=08071
501,SÃO PAULO,http://www.receita.fazenda.gov.br/Aplicacoes/ATBHE/UnidadesAtendimento/Unidades/InformacoesDasUnidades.aspx?unidade=08077
502,SÃO PAULO,http://www.receita.fazenda.gov.br/Aplicacoes/ATBHE/UnidadesAtendimento/Unidades/InformacoesDasUnidades.aspx?unidade=08084
503,SÃO PAULO,http://www.receita.fazenda.gov.br/Aplicacoes/ATBHE/UnidadesAtendimento/Unidades/InformacoesDasUnidades.aspx?unidade=08077
504,SÃO PAULO,http://www.receita.fazenda.gov.br/Aplicacoes/ATBHE/UnidadesAtendimento/Unidades/InformacoesDasUnidades.aspx?unidade=08032
505,SÃO PAULO,http://www.receita.fazenda.gov.br/Aplicacoes/ATBHE/UnidadesAtendimento/Unidades/InformacoesDasUnidades.aspx?unidade=08077
506,SÃO PAULO,http://www.receita.fazenda.gov.br/Aplicacoes/ATBHE/UnidadesAtendimento/Unidades/InformacoesDasUnidades.aspx?unidade=08045
507,SÃO PAULO,http://www.receita.fazenda.gov.br/Aplicacoes/ATBHE/UnidadesAtendimento/Unidades/InformacoesDasUnidades.aspx?unidade=08077
508,SÃO PAULO,http://www.receita.fazenda.gov.br/Aplicacoes/ATBHE/UnidadesAtendimento/Unidades/InformacoesDasUnidades.aspx?unidade=08038
509,SÃO PAULO,http://www.receita.fazenda.gov.br/Aplicacoes/ATBHE/UnidadesAtendimento/Unidades/InformacoesDasUnidades.aspx?unidade=08077
510,SÃO PAULO,http://www.receita.fazenda.gov.br/Aplicacoes/ATBHE/UnidadesAtendimento/Unidades/InformacoesDasUnidades.aspx?unidade=08011
511,SÃO PAULO,http://www.receita.fazenda.gov.br/Aplicacoes/ATBHE/UnidadesAtendimento/Unidades/InformacoesDasUnidades.aspx?unidade=08077
512,SÃO PAULO,http://www.receita.fazenda.gov.br/Aplicacoes/ATBHE/UnidadesAtendimento/Unidades/InformacoesDasUnidades.aspx?unidade=08012
513,SÃO PAULO,http://www.receita.fazenda.gov.br/Aplicacoes/ATBHE/UnidadesAtendimento/Unidades/InformacoesDasUnidades.aspx?unidade=08077
514,SÃO PAULO,http://www.receita.fazenda.gov.br/Aplicacoes/ATBHE/UnidadesAtendimento/Unidades/InformacoesDasUnidades.aspx?unidade=08051
515,SÃO PAULO,http://www.receita.fazenda.gov.br/Aplicacoes/ATBHE/UnidadesAtendimento/Unidades/InformacoesDasUnidades.aspx?unidade=08077
516,SÃO PAULO,http://www.receita.fazenda.gov.br/Aplicacoes/ATBHE/UnidadesAtendimento/Unidades/InformacoesDasUnidades.aspx?unidade=08048
517,SÃO PAULO,http://www.receita.fazenda.gov.br/Aplicacoes/ATBHE/UnidadesAtendimento/Unidades/InformacoesDasUnidades.aspx?unidade=08077
518,SÃO PAULO,http://www.receita.fazenda.gov.br/Aplicacoes/ATBHE/UnidadesAtendimento/Unidades/InformacoesDasUnidades.aspx?unidade=08039
519,SÃO PAULO,http://www.receita.fazenda.gov.br/Aplicacoes/ATBHE/UnidadesAtendimento/Unidades/InformacoesDasUnidades.aspx?unidade=08077
520,SÃO PAULO,http://www.receita.fazenda.gov.br/Aplicacoes/ATBHE/UnidadesAtendimento/Unidades/InformacoesDasUnidades.aspx?unidade=08075
521,SÃO PAULO,http://www.receita.fazenda.gov.br/Aplicacoes/ATBHE/UnidadesAtendimento/Unidades/InformacoesDasUnidades.aspx?unidade=08077
522,SÃO PAULO,http://www.receita.fazenda.gov.br/Aplicacoes/ATBHE/UnidadesAtendimento/Unidades/InformacoesDasUnidades.aspx?unidade=08099
523,SÃO PAULO,http://www.receita.fazenda.gov.br/Aplicacoes/ATBHE/UnidadesAtendimento/Unidades/InformacoesDasUnidades.aspx?unidade=08077
524,SÃO PAULO,http://www.receita.fazenda.gov.br/Aplicacoes/ATBHE/UnidadesAtendimento/Unidades/InformacoesDasUnidades.aspx?unidade=08035
525,SÃO PAULO,http://www.receita.fazenda.gov.br/Aplicacoes/ATBHE/UnidadesAtendimento/Unidades/InformacoesDasUnidades.aspx?unidade=08077
526,SÃO PAULO,http://www.receita.fazenda.gov.br/Aplicacoes/ATBHE/UnidadesAtendimento/Unidades/InformacoesDasUnidades.aspx?unidade=08080
527,SÃO PAULO,http://www.receita.fazenda.gov.br/Aplicacoes/ATBHE/UnidadesAtendimento/Unidades/InformacoesDasUnidades.aspx?unidade=08077
528,SÃO PAULO,http://www.receita.fazenda.gov.br/Aplicacoes/ATBHE/UnidadesAtendimento/Unidades/InformacoesDasUnidades.aspx?unidade=08008
529,SÃO PAULO,http://www.receita.fazenda.gov.br/Aplicacoes/ATBHE/UnidadesAtendimento/Unidades/InformacoesDasUnidades.aspx?unidade=08077
530,SÃO PAULO,http://www.receita.fazenda.gov.br/Aplicacoes/ATBHE/UnidadesAtendimento/Unidades/InformacoesDasUnidades.aspx?unidade=08002
531,SÃO PAULO,http://www.receita.fazenda.gov.br/Aplicacoes/ATBHE/UnidadesAtendimento/Unidades/InformacoesDasUnidades.aspx?unidade=08077
532,SÃO PAULO,http://www.receita.fazenda.gov.br/Aplicacoes/ATBHE/UnidadesAtendimento/Unidades/InformacoesDasUnidades.aspx?unidade=08049
533,SÃO PAULO,http://www.receita.fazenda.gov.br/Aplicacoes/ATBHE/UnidadesAtendimento/Unidades/InformacoesDasUnidades.aspx?unidade=08077
534,SÃO PAULO,http://www.receita.fazenda.gov.br/Aplicacoes/ATBHE/UnidadesAtendimento/Unidades/InformacoesDasUnidades.aspx?unidade=08077
535,SÃO PAULO,http://www.receita.fazenda.gov.br/Aplicacoes/ATBHE/UnidadesAtendimento/Unidades/InformacoesDasUnidades.aspx?unidade=08077
536,SÃO PAULO,http://www.receita.fazenda.gov.br/Aplicacoes/ATBHE/UnidadesAtendimento/Unidades/InformacoesDasUnidades.aspx?unidade=08090
537,SÃO PAULO,http://www.receita.fazenda.gov.br/Aplicacoes/ATBHE/UnidadesAtendimento/Unidades/InformacoesDasUnidades.aspx?unidade=08077
538,SÃO PAULO,http://www.receita.fazenda.gov.br/Aplicacoes/ATBHE/UnidadesAtendimento/Unidades/InformacoesDasUnidades.aspx?unidade=08077
539,SÃO PAULO,http://www.receita.fazenda.gov.br/Aplicacoes/ATBHE/UnidadesAtendimento/Unidades/InformacoesDasUnidades.aspx?unidade=08082
540,SÃO PAULO,http://www.receita.fazenda.gov.br/Aplicacoes/ATBHE/UnidadesAtendimento/Unidades/InformacoesDasUnidades.aspx?unidade=08077
541,SÃO PAULO,http://www.receita.fazenda.gov.br/Aplicacoes/ATBHE/UnidadesAtendimento/Unidades/InformacoesDasUnidades.aspx?unidade=08087
542,SÃO PAULO,http://www.receita.fazenda.gov.br/Aplicacoes/ATBHE/UnidadesAtendimento/Unidades/InformacoesDasUnidades.aspx?unidade=08077
543,SÃO PAULO,http://www.receita.fazenda.gov.br/Aplicacoes/ATBHE/UnidadesAtendimento/Unidades/InformacoesDasUnidades.aspx?unidade=08070
544,SÃO PAULO,http://www.receita.fazenda.gov.br/Aplicacoes/ATBHE/UnidadesAtendimento/Unidades/InformacoesDasUnidades.aspx?unidade=08077
545,SÃO PAULO,http://www.receita.fazenda.gov.br/Aplicacoes/ATBHE/UnidadesAtendimento/Unidades/InformacoesDasUnidades.aspx?unidade=08086
546,SÃO PAULO,http://www.receita.fazenda.gov.br/Aplicacoes/ATBHE/UnidadesAtendimento/Unidades/InformacoesDasUnidades.aspx?unidade=08077
547,SÃO PAULO,http://www.receita.fazenda.gov.br/Aplicacoes/ATBHE/UnidadesAtendimento/Unidades/InformacoesDasUnidades.aspx?unidade=08027
548,SÃO PAULO,http://www.receita.fazenda.gov.br/Aplicacoes/ATBHE/UnidadesAtendimento/Unidades/InformacoesDasUnidades.aspx?unidade=08077
549,SÃO PAULO,http://www.receita.fazenda.gov.br/Aplicacoes/ATBHE/UnidadesAtendimento/Unidades/InformacoesDasUnidades.aspx?unidade=08042
550,SÃO PAULO,http://www.receita.fazenda.gov.br/Aplicacoes/ATBHE/UnidadesAtendimento/Unidades/InformacoesDasUnidades.aspx?unidade=08077
551,SÃO PAULO,http://www.receita.fazenda.gov.br/Aplicacoes/ATBHE/UnidadesAtendimento/Unidades/InformacoesDasUnidades.aspx?unidade=08020
552,SÃO PAULO,http://www.receita.fazenda.gov.br/Aplicacoes/ATBHE/UnidadesAtendimento/Unidades/InformacoesDasUnidades.aspx?unidade=08077
553,SÃO PAULO,http://www.receita.fazenda.gov.br/Aplicacoes/ATBHE/UnidadesAtendimento/Unidades/InformacoesDasUnidades.aspx?unidade=08111
554,SÃO PAULO,http://www.receita.fazenda.gov.br/Aplicacoes/ATBHE/UnidadesAtendimento/Unidades/InformacoesDasUnidades.aspx?unidade=08077
555,SÃO PAULO,http://www.receita.fazenda.gov.br/Aplicacoes/ATBHE/UnidadesAtendimento/Unidades/InformacoesDasUnidades.aspx?unidade=08113
556,SÃO PAULO,http://www.receita.fazenda.gov.br/Aplicacoes/ATBHE/UnidadesAtendimento/Unidades/InformacoesDasUnidades.aspx?unidade=08077
557,SÃO PAULO,http://www.receita.fazenda.gov.br/Aplicacoes/ATBHE/UnidadesAtendimento/Unidades/InformacoesDasUnidades.aspx?unidade=08094
558,SÃO PAULO,http://www.receita.fazenda.gov.br/Aplicacoes/ATBHE/UnidadesAtendimento/Unidades/InformacoesDasUnidades.aspx?unidade=08077
559,SÃO PAULO,http://www.receita.fazenda.gov.br/Aplicacoes/ATBHE/UnidadesAtendimento/Unidades/InformacoesDasUnidades.aspx?unidade=08091
560,SÃO PAULO,http://www.receita.fazenda.gov.br/Aplicacoes/ATBHE/UnidadesAtendimento/Unidades/InformacoesDasUnidades.aspx?unidade=08077
561,SÃO PAULO,http://www.receita.fazenda.gov.br/Aplicacoes/ATBHE/UnidadesAtendimento/Unidades/InformacoesDasUnidades.aspx?unidade=08015
562,SÃO PAULO,http://www.receita.fazenda.gov.br/Aplicacoes/ATBHE/UnidadesAtendimento/Unidades/InformacoesDasUnidades.aspx?unidade=08077
563,SÃO PAULO,http://www.receita.fazenda.gov.br/Aplicacoes/ATBHE/UnidadesAtendimento/Unidades/InformacoesDasUnidades.aspx?unidade=08112
564,SÃO PAULO,http://www.receita.fazenda.gov.br/Aplicacoes/ATBHE/UnidadesAtendimento/Unidades/InformacoesDasUnidades.aspx?unidade=08077
565,SÃO PAULO,http://www.receita.fazenda.gov.br/Aplicacoes/ATBHE/UnidadesAtendimento/Unidades/InformacoesDasUnidades.aspx?unidade=08092
566,SÃO PAULO,http://www.receita.fazenda.gov.br/Aplicacoes/ATBHE/UnidadesAtendimento/Unidades/InformacoesDasUnidades.aspx?unidade=08077
567,SÃO PAULO,http://www.receita.fazenda.gov.br/Aplicacoes/ATBHE/UnidadesAtendimento/Unidades/InformacoesDasUnidades.aspx?unidade=08016
568,SÃO PAULO,http://www.receita.fazenda.gov.br/Aplicacoes/ATBHE/UnidadesAtendimento/Unidades/InformacoesDasUnidades.aspx?unidade=08077
569,SÃO PAULO,http://www.receita.fazenda.gov.br/Aplicacoes/ATBHE/UnidadesAtendimento/Unidades/InformacoesDasUnidades.aspx?unidade=08023
570,SÃO PAULO,http://www.receita.fazenda.gov.br/Aplicacoes/ATBHE/UnidadesAtendimento/Unidades/InformacoesDasUnidades.aspx?unidade=08077
571,SÃO PAULO,http://www.receita.fazenda.gov.br/Aplicacoes/ATBHE/UnidadesAtendimento/Unidades/InformacoesDasUnidades.aspx?unidade=08110
572,SÃO PAULO,http://www.receita.fazenda.gov.br/Aplicacoes/ATBHE/UnidadesAtendimento/Unidades/InformacoesDasUnidades.aspx?unidade=08077
573,SÃO PAULO,http://www.receita.fazenda.gov.br/Aplicacoes/ATBHE/UnidadesAtendimento/Unidades/InformacoesDasUnidades.aspx?unidade=08064
574,SÃO PAULO,http://www.receita.fazenda.gov.br/Aplicacoes/ATBHE/UnidadesAtendimento/Unidades/InformacoesDasUnidades.aspx?unidade=08077
575,SÃO PAULO,http://www.receita.fazenda.gov.br/Aplicacoes/ATBHE/UnidadesAtendimento/Unidades/InformacoesDasUnidades.aspx?unidade=08001
576,SÃO PAULO,http://www.receita.fazenda.gov.br/Aplicacoes/ATBHE/UnidadesAtendimento/Unidades/InformacoesDasUnidades.aspx?unidade=08077
577,SÃO PAULO,http://www.receita.fazenda.gov.br/Aplicacoes/ATBHE/UnidadesAtendimento/Unidades/InformacoesDasUnidades.aspx?unidade=08060
578,SÃO PAULO,http://www.receita.fazenda.gov.br/Aplicacoes/ATBHE/UnidadesAtendimento/Unidades/InformacoesDasUnidades.aspx?unidade=08077
579,SÃO PAULO,http://www.receita.fazenda.gov.br/Aplicacoes/ATBHE/UnidadesAtendimento/Unidades/InformacoesDasUnidades.aspx?unidade=08096
580,SÃO PAULO,http://www.receita.fazenda.gov.br/Aplicacoes/ATBHE/UnidadesAtendimento/Unidades/InformacoesDasUnidades.aspx?unidade=08077
581,SÃO PAULO,http://www.receita.fazenda.gov.br/Aplicacoes/ATBHE/UnidadesAtendimento/Unidades/InformacoesDasUnidades.aspx?unidade=08072
582,SÃO PAULO,http://www.receita.fazenda.gov.br/Aplicacoes/ATBHE/UnidadesAtendimento/Unidades/InformacoesDasUnidades.aspx?unidade=08077
583,SÃO PAULO,http://www.receita.fazenda.gov.br/Aplicacoes/ATBHE/UnidadesAtendimento/Unidades/InformacoesDasUnidades.aspx?unidade=08014
584,SÃO PAULO,http://www.receita.fazenda.gov.br/Aplicacoes/ATBHE/UnidadesAtendimento/Unidades/InformacoesDasUnidades.aspx?unidade=08077
585,SÃO PAULO,http://www.receita.fazenda.gov.br/Aplicacoes/ATBHE/UnidadesAtendimento/Unidades/InformacoesDasUnidades.aspx?unidade=08100
586,SÃO PAULO,http://www.receita.fazenda.gov.br/Aplicacoes/ATBHE/UnidadesAtendimento/Unidades/InformacoesDasUnidades.aspx?unidade=08077
587,SÃO PAULO,http://www.receita.fazenda.gov.br/Aplicacoes/ATBHE/UnidadesAtendimento/Unidades/InformacoesDasUnidades.aspx?unidade=08050
588,SÃO PAULO,http://www.receita.fazenda.gov.br/Aplicacoes/ATBHE/UnidadesAtendimento/Unidades/InformacoesDasUnidades.aspx?unidade=08077
589,SÃO PAULO,http://www.receita.fazenda.gov.br/Aplicacoes/ATBHE/UnidadesAtendimento/Unidades/InformacoesDasUnidades.aspx?unidade=08054
590,SÃO PAULO,http://www.receita.fazenda.gov.br/Aplicacoes/ATBHE/UnidadesAtendimento/Unidades/InformacoesDasUnidades.aspx?unidade=08077
591,SÃO PAULO,http://www.receita.fazenda.gov.br/Aplicacoes/ATBHE/UnidadesAtendimento/Unidades/InformacoesDasUnidades.aspx?unidade=08040
592,SÃO PAULO,http://www.receita.fazenda.gov.br/Aplicacoes/ATBHE/UnidadesAtendimento/Unidades/InformacoesDasUnidades.aspx?unidade=08077
593,SÃO PAULO,http://www.receita.fazenda.gov.br/Aplicacoes/ATBHE/UnidadesAtendimento/Unidades/InformacoesDasUnidades.aspx?unidade=08098
594,SÃO PAULO,http://www.receita.fazenda.gov.br/Aplicacoes/ATBHE/UnidadesAtendimento/Unidades/InformacoesDasUnidades.aspx?unidade=08077
595,SÃO PAULO,http://www.receita.fazenda.gov.br/Aplicacoes/ATBHE/UnidadesAtendimento/Unidades/InformacoesDasUnidades.aspx?unidade=08033
596,SÃO PAULO,http://www.receita.fazenda.gov.br/Aplicacoes/ATBHE/UnidadesAtendimento/Unidades/InformacoesDasUnidades.aspx?unidade=08077
597,SÃO PAULO,http://www.receita.fazenda.gov.br/Aplicacoes/ATBHE/UnidadesAtendimento/Unidades/InformacoesDasUnidades.aspx?unidade=08106
598,SÃO PAULO,http://www.receita.fazenda.gov.br/Aplicacoes/ATBHE/UnidadesAtendimento/Unidades/InformacoesDasUnidades.aspx?unidade=08077
599,SÃO PAULO,http://www.receita.fazenda.gov.br/Aplicacoes/ATBHE/UnidadesAtendimento/Unidades/InformacoesDasUnidades.aspx?unidade=08108
600,SÃO PAULO,http://www.receita.fazenda.gov.br/Aplicacoes/ATBHE/UnidadesAtendimento/Unidades/InformacoesDasUnidades.aspx?unidade=08077
601,SÃO PAULO,http://www.receita.fazenda.gov.br/Aplicacoes/ATBHE/UnidadesAtendimento/Unidades/InformacoesDasUnidades.aspx?unidade=08105
602,SÃO PAULO,http://www.receita.fazenda.gov.br/Aplicacoes/ATBHE/UnidadesAtendimento/Unidades/InformacoesDasUnidades.aspx?unidade=08109
603,SERGIPE,http://www.receita.fazenda.gov.br/Aplicacoes/ATBHE/UnidadesAtendimento/Unidades/InformacoesDasUnidades.aspx?unidade=05012
604,SERGIPE,http://www.receita.fazenda.gov.br/Aplicacoes/ATBHE/UnidadesAtendimento/Unidades/InformacoesDasUnidades.aspx?unidade=05013
605,SERGIPE,http://www.receita.fazenda.gov.br/Aplicacoes/ATBHE/UnidadesAtendimento/Unidades/InformacoesDasUnidades.aspx?unidade=05014
606,SERGIPE,http://www.receita.fazenda.gov.br/Aplicacoes/ATBHE/UnidadesAtendimento/Unidades/InformacoesDasUnidades.aspx?unidade=05015
607,SERGIPE,http://www.receita.fazenda.gov.br/Aplicacoes/ATBHE/UnidadesAtendimento/Unidades/InformacoesDasUnidades.aspx?unidade=05016
608,TOCANTINS,http://www.receita.fazenda.gov.br/Aplicacoes/ATBHE/UnidadesAtendimento/Unidades/InformacoesDasUnidades.aspx?unidade=01021
609,TOCANTINS,http://www.receita.fazenda.gov.br/Aplicacoes/ATBHE/UnidadesAtendimento/Unidades/InformacoesDasUnidades.aspx?unidade=01037
610,TOCANTINS,http://www.receita.fazenda.gov.br/Aplicacoes/ATBHE/UnidadesAtendimento/Unidades/InformacoesDasUnidades.aspx?unidade=01012
611,TOCANTINS,http://www.receita.fazenda.gov.br/Aplicacoes/ATBHE/UnidadesAtendimento/Unidades/InformacoesDasUnidades.aspx?unidade=01020
612,TOCANTINS,http://www.receita.fazenda.gov.br/Aplicacoes/ATBHE/UnidadesAtendimento/Unidades/InformacoesDasUnidades.aspx?unidade=01035
613,TOCANTINS,http://www.receita.fazenda.gov.br/Aplicacoes/ATBHE/UnidadesAtendimento/Unidades/InformacoesDasUnidades.aspx?unidade=01036